758040571
790841479
759440529
748965456
712873367
715892296
759694622
757033229
710124200
116474569
794740258
117989962
797654052
791435245
117629972
757861594
790257585
796426439
768843878
113503106
742229789
702048092
757367927
745558151
759903290
769483900
112946616
740898116
758143593
757361848
797153848
111492833
797769335
746329110
117352629
707829461
741994435
704788906
769312498
116133008
710500998
116984906
797414838
757311129
796895913
796331378
114721370
113186314
726913064
794539227
111362359
742526916
794906614
768117853
727432639
757538557
790685205
768708714
796507303
116662957
792189193
715881281
769291168
114295740
797947782
792377331
799604678
792750984
117198054
116996016
793946440
795820331
795565121
743854134
795376642
793056515
745366279
758542355
116400958
708508439
740065020
794158830
798274696
115265569
768433973
743137101
748599673
759649113
704894149
758979234
745752264
703661632
758928759
793469391
717835376
745926894
757610558
758125673
742015044
702730687
794997201
745657054
740824225
110960342
757851475
723714327
117622999
707087589
113911290
742536397
768557685
793605449
759519416
112252599
112966275
741278797
712838326
769684569
117429758
796360804
758598440
711445071
711786463
745009502
794464089
792167988
759576369
743987738
742419025
112861353
794192558
728396643
741287058
115485806
117613721
799099689
117186664
727885681
796314568
729453823
768939586
746381415
748831586
115833724
117522826
113249756
793566943
769491475
745491798
116549363
748645589
704934728
741457275
758515279
799596741
742565213
112174907
799137282
704665365
719196747
791654626
768620548
793073327
719272048
112158173
700365783
718164657
116809567
707325717
718767556
726112704
791853497
740354055
708872987
116138639
708884986
798480249
116761530
117578382
795280269
759496613
700432140
757810980
792995319
725755153
116767541
791560653
113721642
799130470
113611554
757343672
796371147
117168397
791669627
729563914
705348623
116362314
748410172
742420739
798364923
798336924
116459772
715898529
116528623
743066678
740785383
745469498
110991305
116913922
705999252
719851634
795591456
791195023
758109569
796913196
769055378
713378213
748028037
117278033
712243348
114505751
117100951
768129451
714721911
727872561
759979829
741225686
759042831
790884995
741320831
712327066
706564885
713825709
742050395
721209585
793779812
116488540
768804131
790850395
723896335
748345976
745010106
745028519
116521051
711609047
745918339
748520841
117525702
116919217
743174218
748510815
759147196
758930941
708082864
116999307
759029680
797060133
729431136
758240779
117308587
768370440
794660303
719142061
116218555
793650584
796771235
713285754
748679744
769386119
711737650
748063232
795165642
794235129
727573075
726023343
115919149
796031534
757077538
796506874
117586073
799215302
741052457
728506995
768315426
792439091
116648204
112727017
705291274
757696848
115411334
758049803
116470587
117018571
117240806
758205578
797589645
703509407
718690786
117083401
113292085
116964529
116557678
798634612
705359489
112089943
742820681
117069516
742506546
796079853
792764713
748011603
111677271
758128131
117464617
702981435
757718128
116537038
712793608
715346834
741413363
720870183
741120372
769851038
791971400
742234503
740567429
117171496
705312203
116945329
792921781
720573782
740399722
746918978
117635659
117343194
769691491
708449542
743058228
706852200
758282581
117582443
797207608
726439217
710366369
793769137
112176967
117640314
757668575
795794339
796916997
769148126
707970315
793514405
768212254
758006140
117576722
115296151
758405191
703928335
797587881
792990584
768487098
797237877
758861067
792456539
769299487
759319213
794903613
757310789
113521076
117348527
116854986
117365652
707994459
715143391
117192952
758660130
117180619
799153439
711684165
748738956
110597608
728028442
742743507
117020869
742240543
710664139
727852163
117631953
716673362
746295745
769882547
720427564
702745881
741070128
758532163
743597964
713552002
794079871
745426017
768334578
757382442
757003298
116273542
757243067
757858771
116182131
117579292
757671273
791821669
741029185
725999152
794618359
769570116
117586671
768891069
768780871
796142376
723409039
700911231
705036886
714157316
769974228
757572307
703802448
115729095
790431486
117182268
793957696
769991787
790630070
117140492
796423061
757966868
794058790
116133856
745259134
727277845
116975238
114636566
701802592
705516514
768829185
794151429
740395470
799086639
706603400
708624510
116891432
769319939
791165236
714887203
704886079
116902175
745765049
743969789
117201076
715680448
713065742
759542837
769620942
748299968
707947651
704153907
790601418
113593226
741768942
769860996
117142993
794513617
117275912
116313105
743150453
708676789
742096058
740304258
113460970
792486130
768478718
757225583
759510693
714290180
720878268
794913968
116434654
706876948
797272593
740364890
794909263
746953051
117598180
114750020
792296815
719699656
745513973
794575056
116478230
758134914
117510576
718712923
769853463
742878558
117337808
116990144
791655836
795323109
758442107
741547767
793992319
112979958
112573947
114058033
718476357
759520588
741507916
718612927
791061737
793838941
700352251
115365806
723876032
114706359
748249736
707587410
741637115
748458352
726462761
793506131
713716493
793601862
758041526
704174350
769787161
758773196
759625897
117191459
797154960
117588341
769671998
727152642
727301845
748481317
758113990
702494337
729051796
117203536
116012529
758075597
748561727
758073237
728924387
758046176
728727139
748117307
116656959
711664408
728355127
797075019
707291688
799791642
116824391
723915050
711932641
704846510
701110837
742204046
115157816
790496455
768885532
117071943
117061892
757357276
740307120
759474941
794267280
705315072
729919596
741977526
706906572
746021612
116951821
707471320
712501214
759288719
117543491
796208894
116198073
746295069
758871244
113529490
746178723
759302586
708271249
717047194
704889903
117983546
742155757
712992258
117645299
758931543
797343894
797052125
759874907
117254992
117661493
117599916
799553848
116309149
743564742
798818512
116389668
116670797
759728869
704689285
798309238
740527130
117009506
117116539
794246802
116178326
117602135
117600279
745478501
746733561
759195328
705342775
769226850
769334531
757168841
745228576
717189804
792307324
748021513
114947322
757791243
758412991
743050577
746887495
117191020
712853061
117056367
759255073
723721956
708245992
117597134
796760523
117616530
115502803
702399134
769809336
704048685
791898387
115294783
757911037
113279445
768968934
717722530
742129087
792778582
117471334
703874521
743589440
794132489
115060112
723523678
711862692
794715176
769121026
116776408
757372761
117580994
768624749
703856405
748677257
759042681
795974975
791639862
799916969
748871595
700263310
117164361
746821433
741241344
111663807
796070408
791967697
117329267
707092104
745962727
113740568
116433737
714487863
790116413
703159023
746866968
705159839
703820071
790459960
710325371
710513972
725521358
703868288
116785470
757462602
116095290
117486265
741031772
796322016
796460147
117565933
743512054
111718454
112386717
798858047
712289602
720730224
799072904
743181028
703993697
703554319
117196967
793876082
707543947
759210943
792803455
757286076
740281275
711753728
706457135
797999328
117158691
117382692
116019764
794591493
712574606
759159847
769882767
768213335
114098176
791239486
718250289
758253157
719416077
714798885
710461517
742341518
768213379
721861575
799794797
799331994
728995328
117583900
769765385
791864059
701570712
745095515
768128652
768483199
791181691
704539935
794981604
113389090
117566730
117354588
745898152
792318235
757153882
794919981
745712866
759775312
707307754
714902583
798802602
797417754
721236937
703108826
704970380
117172623
741235530
791226119
716198742
745337177
759175607
745373946
759427400
759866929
113631196
745484888
745490594
758972346
117644212
797054675
117701728
710186593
700940227
111924951
115898673
712257379
799281213
726221284
117638340
117026419
769699435
798021207
796747758
111333018
759511075
115667046
117574877
703495132
721178973
112938030
768013824
113207083
117649053
769972287
746951751
798614968
791554344
726831191
729902882
757964306
757147055
759364139
743001476
796382078
700569462
743901892
797890143
719774129
745086733
717890520
712319815
798634543
794525857
790753951
111867935
757119834
792376408
701601961
710398037
117201224
726278025
714808544
794908895
726240582
796555721
725019435
757071795
757953798
758420895
796580086
712517429
742057810
759999029
768795188
117168015
743255733
723353026
798819987
741386664
716208794
112821025
797744386
798184061
713073395
757220632
700328449
115291679
758150524
748424907
757582704
794675382
746838712
726258966
741815568
759040741
700683704
746967744
759744394
726792851
116565064
727312725
798150342
115167314
798316423
769681079
114395096
790952066
746288009
796846578
768653664
718022185
741602029
757386311
110892349
706562967
706351973
703695067
116212132
792998299
791058996
742127139
768937574
746340978
716295853
797402739
116584662
746437747
746769049
791257909
117009615
757680432
117627388
740300201
742172489
793751536
742972659
745167175
796510971
757109458
116807352
717401580
115335840
117184813
791830618
748353690
116919692
117101787
748428621
116741182
717192805
114157267
703423202
116917491
116099724
706704831
740832595
116894417
117473428
741179761
757148410
743103163
117571275
117154214
757122156
116613481
798542151
792523618
758873283
797344972
746838550
729924018
758903093
114489764
728424026
117586369
796339739
791240981
741196729
757928731
797085258
748139490
792964343
117977863
113021548
792652148
740893309
117187649
703924156
796627439
117154257
769799158
111552707
757429097
703751479
741112721
741953957
790813279
769359118
799605596
715819872
759038279
713807339
117584828
740410320
705230632
710756485
743817397
795921896
746545881
799846286
706356399
791957942
116735345
114406181
714925635
790719265
792351483
720645763
112758625
742175334
768282171
117158526
114251537
717019894
727734336
791632619
117523521
115670621
704959560
701587711
758120314
745026251
728262433
791441671
111438409
701560832
713161652
110962112
729417812
796143302
794235510
798147316
113396669
797187811
116903082
741649301
707606847
748990275
711790684
116497854
117625729
798142056
713789332
117572367
701417351
114483277
110999720
113726267
116394510
768585390
768497302
794564453
758642447
799149266
724628374
702497612
116435267
796413490
724463926
707329796
794482825
705004559
117104883
117562451
797126163
769398791
768086574
798857822
117569879
701856405
724298872
117279723
758938831
113944180
113468263
115092276
706902050
706721247
117618138
740543924
706137897
115540467
791892331
793639870
791932518
795776915
740351955
798834872
793034312
794681135
701440375
111943865
759525281
792221755
710489747
715264396
721142769
746070351
793485390
708805205
714396311
116893860
116526425
758892153
791423834
116484456
116496350
706432790
721426995
116226215
743000957
796572483
769224713
741556615
117185698
117153469
745790541
796016063
748086104
799152479
117645873
116526241
115486031
716647858
112744602
116869429
117572458
112240897
768017709
112755974
703279180
794137928
745010802
711675872
704089753
711811050
116549366
117179683
117570780
113713096
116517461
725654807
796269547
792511934
116866205
748134607
758549725
117197991
790922633
704323173
721873935
768322191
793688212
757770084
115619060
794181368
110034322
768850787
748610519
725790493
704358607
710345177
768351238
792897872
702014071
757443100
115741048
706398063
795620418
116252149
117603318
719653752
725076724
115457312
748890655
740292730
791011597
745765490
711320388
704748037
703781630
111969644
718034017
117544356
769965336
748096345
798531835
790655073
758668563
701754896
111331472
719743549
707284950
740152075
746472478
740692877
708266168
794540642
758551862
117066920
799602597
116384769
795591734
116021393
769582535
768739975
117653028
117570783
117027013
769559561
758476641
797151338
714153428
715578577
723272847
700711677
745975901
746914768
706197511
796491971
797910804
768790533
759853761
111668641
790786556
795813086
790881786
759038417
740522979
746252781
717470899
715960849
740545325
116691901
757952450
704324571
721124980
117101474
758435348
741200639
717793175
797765144
115622844
713759508
743236252
791589743
718076285
759124930
113502048
707822288
728092558
117176904
748839568
116489020
717499714
796367163
117137659
743318864
741326163
724594338
116857360
798716586
117153299
704130147
740554075
117444205
748572853
116356168
111473510
769235387
712677764
794153873
715295223
117350479
725982116
706245937
746538239
117982138
742660306
748980627
759235886
757748796
799007334
792974931
792986817
117774354
708691279
717834830
116960683
116893220
768716757
741082804
769967668
745135495
115267019
769247894
769132043
742446616
718369884
112945102
769786502
704824379
748354541
117558949
116775847
727352539
794157553
112834450
705154754
116684125
116568841
116554725
742154797
799579859
724019802
796398044
790209252
117335849
117125647
704558678
796467639
757012774
724358642
757849180
704784931
791057039
728865577
757505289
790803479
769109389
116811036
742728781
799135370
116663002
793010671
758494649
769766202
741242377
748254384
116374220
703969758
700923075
700825932
745442189
112475425
717762243
718748564
790233127
758665969
700618564
792516499
748249781
790282784
729089274
111913038
705552952
743715016
791993534
743672184
116718082
741859758
748002869
768032279
111980025
768872180
711338171
708435562
727862523
712148672
746567179
794710387
758429097
748978502
711433196
117675331
748495407
710557428
703375393
117688345
711469944
720297153
799287342
740483723
794131960
758600449
705457100
112418306
725843526
705774326
117764362
719130226
711696413
742723338
742243805
713120176
795397940
743978399
797280867
795022806
741696734
117687117
110688961
703767745
745429864
769695468
701432619
768789508
743403913
790970770
113487524
740133654
713689345
702036937
729846142
702999530
791759685
746020590
793672688
711231161
705271936
796876042
705396029
705481617
117650864
704891455
711227877
716221398
704236342
796639357
741998297
704713937
748071176
718483057
702089172
741647527
701178476
712477469
702360158
702658061
117724777
715449189
113240633
117610551
707988011
117650062
745962598
759567019
114517532
111466758
703627528
704813794
719675009
727110857
112237764
725710865
794865483
719600793
706748663
117537473
743916643
793832543
713654641
748855802
758687662
117657750
711733819
704050587
114212089
116937047
742296578
729269359
703515738
757079904
795513846
115598712
795667621
769630487
705963332
110714459
768158591
741694108
746536437
745057123
719117094
117585872
793744769
757045022
117645005
706796525
710464673
798506753
717237644
116615762
758146803
720474547
769722827
117642943
748610975
794184696
796034719
745971728
793302145
703696794
117638489
701663910
798494114
713479531
715104026
758805299
116863479
117616353
746069083
790442520
116894712
708521565
715604147
115635680
794891601
746642315
794713853
768962794
713394853
746520554
715537023
718307796
706758982
711147865
759590596
743869187
117687639
741944389
748992415
791244282
728022095
116908464
741589751
717106205
705222060
719417309
116509712
714736469
729727265
791757153
769559665
792085165
117716119
715377120
768548157
746163049
113895390
769503653
746126469
793993593
728576274
758344029
746157012
706056580
116685643
742902896
728783481
748796980
701819576
719243436
729471734
769877522
110774262
742591916
793302639
745497411
718607371
701341452
715311875
116808660
727284659
725967285
746076309
704519881
790313905
117493287
768963279
116724693
790866157
743680538
702569228
748217696
112074584
711396921
768009816
759707840
703502406
703673824
727932561
741383219
113950309
748978105
795575870
795787399
706684540
705833985
712885438
758810040
707901498
797495228
745401202
722237535
798643205
742593143
743875376
710732164
790187431
757420869
759973768
746431983
768419103
790595398
797235229
706559849
768880158
790306564
702934732
116941103
728316800
740503291
759836816
793987967
791193671
715758856
111357143
115971606
115197890
742554928
708818369
726081623
759531196
116835941
740706583
795495718
705379408
790843612
725259678
746309790
115597388
116552780
708190768
723640476
117510938
748475312
743780434
114480323
712783034
746070923
797035133
117416346
717695832
729695918
116705354
116670321
116926778
790350143
114712144
706858923
111542538
112550758
718359879
712037415
116739306
116676745
702704953
113500879
793481680
799808814
769130829
792776369
792087366
700494745
718096807
703287522
704818056
768495390
717416796
757724729
705967463
718753785
769746411
719359786
748305646
702409380
117626928
706532993
741427230
706023637
727874992
791590751
715286569
116806798
794424633
116919771
701575317
700051420
797616683
759426404
724265392
116408385
740931478
790479674
740259595
112759606
117418342
112072409
768992094
703652707
743533272
714378495
701347660
702978060
794632845
743916481
798140994
726056868
116994730
716637303
768804281
116761977
116960712
718918354
745489778
116676947
719417230
707517078
116723331
112910503
748710143
705517546
116467049
748736819
704410265
741899548
114675484
707730459
703744641
743624258
117528500
724341047
117545331
790984217
706317359
714864724
114554866
116821215
116719422
726144189
716829864
790943450
742102787
111662501
714642658
116767279
703261528
799296242
769849098
700475537
746639288
708259652
718782529
712492641
700916095
704059829
798671871
717726833
713004255
769037051
746666250
792284606
746319440
768438221
790409266
797859064
700698782
758737278
740875563
116678390
798013778
713182083
708581262
701244094
115317772
758339086
742566387
723785416
711266575
700794102
703220046
790685749
791481708
117548377
116558452
720096810
112725395
748882944
794594738
796988080
741578542
794304688
116974465
116691890
759242471
113917672
700801280
703413716
117695132
111570187
718182851
794946611
790656718
713622803
794385542
116802570
701019442
115013379
745362978
759643149
715695173
748256647
117733910
742479468
712338341
757794138
701272361
705674760
740287936
740765738
712680417
117699706
798402513
700517411
116657609
797406781
758482194
742423261
798031649
110014953
768040312
718809994
702080209
745205782
112247579
117334953
796523949
742653898
703192123
704366548
113039277
768113753
748280152
796839264
793972719
793251971
117327286
757607101
797382089
793584341
701718892
768206373
705411575
703361523
728573706
711603485
768720183
110770405
712429349
798449318
798714788
717730901
798587432
794809640
710410312
702634837
701716111
703478884
725928627
796383084
700075322
768985655
745512635
757596210
757844831
748835367
704804138
708199151
704325581
798271940
793978348
757423073
740026377
741888140
116830031
748792590
716769450
768462190
111602986
116801538
725916654
712864703
757651601
746841565
701670246
798947343
797803406
797122943
742347847
791791940
748358086
116988352
793650436
704338591
717847614
727791865
795525087
112486289
791907268
748548780
117418296
111379740
796301085
790631344
116885349
714885730
115208421
793004448
759261846
759903835
757134357
116958189
708804910
796380982
701813435
792897498
758723061
110776560
769842413
708050710
111596679
728046929
746746830
116166265
110580218
707909182
729073498
790428826
117588353
745872934
745435392
715565541
718010125
708797263
748289432
757449592
793645050
112334391
117504388
713743179
721249745
701215830
714133215
701917961
715727392
717641537
117673492
707360874
113342178
794291415
708210139
702286485
110140715
723570191
708745996
748531927
715608746
757695910
743084399
116979668
757552957
701039177
714168150
116851724
700609675
748935373
701357571
114250692
795850769
799422191
116745784
117722152
793369890
745960668
798302956
703298974
116717346
792732877
116226603
757341232
797676084
745791583
116518020
795693859
758881431
748895612
745788008
759286227
116780014
714276171
791955727
116774416
714955591
718304628
117685428
113568123
725438084
716153896
769000257
794119240
740456037
728149811
710601131
728559022
768743904
746516575
714552766
740343635
743999196
705044902
799601777
746917967
721771602
703913510
706112986
112416470
702391726
117755852
796357425
748489899
740708982
707940415
117671041
741526640
740277669
799365063
703809115
748178551
743925419
799280436
797480867
740668701
758892313
713972596
116848790
741054797
720841105
116901029
792612931
117530893
703849185
798747058
706800698
758780934
727942307
707678896
728683431
742514759
746757051
706333822
117681444
117735619
707392754
116710221
116826112
748238754
759265547
708613928
710547896
706884662
116787059
116707062
713383788
117689106
743932967
748096030
745978667
746471162
704905686
116926783
724529560
116027889
707261508
748403988
703350231
724155310
724385612
748580073
702527798
769636165
768372057
748825668
713825340
795105232
740257840
114358184
794201945
116812207
706062294
116919638
708526013
769346220
746455421
712058468
116929194
717427532
116971706
792864036
705525631
719326076
113335347
745569451
746635942
743701021
116654957
704813112
116803876
113522512
742048903
718549509
711175207
116979837
112932797
729123517
116842527
768873490
116035453
740768541
769061650
714166204
707579618
702889329
796305178
746364158
114037528
716779495
759416378
116849954
715735952
705974586
728154502
758543735
707916968
746123855
790440236
724996102
720087631
791270533
727337908
757540454
112522343
792198469
728860939
797081604
116697184
758436404
793576002
718731367
793984944
117707317
757958264
714523893
116787330
792218627
746324567
723793864
116797096
116996511
768719795
759008980
748007153
702912954
116936764
769955889
701782961
112693616
723216273
798568652
792893486
702122836
116764192
759635876
714659401
114339004
705934085
714682058
702995674
700920846
115263153
713836277
758167038
715093486
745171941
704251680
703130236
743176123
798066218
710620978
711784380
725638215
743225142
113067665
794783461
798397325
794693830
791951734
712164382
712259613
114959788
116873286
799566568
110382407
116160439
112099758
742236701
759250692
116998581
759176010
112332321
116798907
116833720
759660179
116885960
707557177
112353110
740925408
117721707
741740605
714608364
116969936
748625905
741461880
722618052
116965160
707266001
116821047
745832113
791393259
116713684
768750112
748199911
116661643
745076682
729828034
758232088
729876710
117729909
716105035
791484493
711252190
795413126
116763543
115561804
113754253
743681792
110759232
116771716
113683227
708004637
112486114
790970830
708681924
758920324
117593605
701823089
726926706
741596234
117756709
791989815
707756526
706830167
707009472
116826727
116998125
710595719
112909035
742322503
791019592
706396378
757037046
740572982
700799844
799384866
114979537
757524259
113616801
116791602
710274188
743960752
794134573
748016108
111261947
799373169
723829805
743995853
719334310
799206090
115215940
741438252
111563456
795219526
113078079
759382277
713214864
790396761
790372565
757222007
716631397
113196784
117762159
759300325
711335421
702009157
758264955
758741778
116983254
702014591
112170201
715826705
798495148
112005196
796165761
701960080
116678554
797174570
799355909
116600868
793814333
117174034
746152301
114921029
712247269
759690518
116920856
792133894
746244821
117420083
758546595
116681437
115114567
799304719
707689400
701140583
116664401
116944638
705597887
791966239
117661989
111922092
759076637
745742137
117605457
768565384
743782883
115365183
769063846
748708187
715571448
798151271
712343216
705575638
757393792
702919372
701542041
719624589
705396531
113373806
116635109
759526376
716526486
745483517
757640976
746984664
740714346
718512368
724539536
704557569
769681342
798388735
112776173
794283837
745014142
792510928
748294339
111337693
768530182
757330736
116078695
793667610
116807072
702991750
745286363
705147695
714352902
797291807
759226184
769759599
759487739
790435969
757266850
740067090
741430145
711528768
799374366
115048965
757499834
112587672
742357500
703955584
117440095
713263581
769837948
759348749
718595377
757236392
117736621
768372017
743594876
721850574
757334131
757065819
745083355
715907866
758825604
724994804
791915675
743490719
793598280
748006480
769837020
727769448
795707401
117277841
704436795
742491465
700742313
718455857
741643878
768309237
710502986
704357277
117005048
116949687
116176487
746529267
114157290
759241962
710313449
792735338
796224586
115997612
793795229
713708030
745004935
743013471
716743421
703910053
796248716
728035538
714039766
790176664
745965183
719852708
701463395
793662303
741935047
719118205
114207515
110859512
797286889
723317036
798461245
703881106
117551851
729924635
798643493
117242081
113571927
116804713
769811873
117528219
116258626
717895723
758849210
703287075
701697571
746023271
112572627
740728789
715764820
117580658
796756341
745074673
716248436
792786191
741562948
727945392
792413462
114185615
745310577
116746892
769927780
729539688
116714169
797278019
117711040
111647270
798711275
111262035
743733230
798855458
740976005
702557677
741564738
795159793
746818683
116819536
799379432
791875546
116972195
705669980
703348452
729121108
797648149
793042393
741298965
710606761
743822411
794434090
797063275
742945349
116857407
743849570
701855069
791231697
116780314
768281069
115224524
717715226
719590788
795715434
791786874
746135105
114616099
792646561
715268923
743586148
797009201
700302915
790218439
742503303
114898191
710749354
713659644
769942654
113247965
704577925
791853745
758199388
114356269
790929002
114253272
714224572
700599052
702798547
791672814
706669419
117673035
706740394
758379507
742589543
115599612
705291838
740845595
113349451
703551752
727877801
745158540
711565602
794958250
768992128
798221153
116577087
794379918
715969212
710999162
116670547
740528388
793837461
717121628
116588492
116413596
798887249
745858902
116241365
742773236
758708924
117980291
729503410
718777321
727118458
743928657
710240897
115411708
795279284
117690418
759896015
708003705
797995726
116838406
705838807
718328758
792003213
757503495
759674396
117239433
116715075
794965956
117512403
716453222
798329762
711695420
115700674
113271802
114918236
702187340
769943678
757077916
742867598
757228409
746918568
702874260
729015785
792323764
796295623
715936257
717616064
794253571
711320490
117715804
707640032
741604948
710642457
116806708
791947239
748269679
740899626
741889500
797352319
116427898
710978348
710446206
710416066
116836539
759489956
796820735
794233558
743492675
758260169
700050764
112302151
713683993
110949907
726647434
719346485
112141812
759310781
768479592
712409249
794087925
113888046
799270968
700783732
740582980
728861834
797372466
114332354
718479144
700047371
113988283
757708779
704998677
741865383
115849300
796498079
713189879
743092237
114737178
758094756
748371948
711322183
727854073
791787950
114050376
746554897
712289903
724989123
792432759
703956061
719510101
743410821
117469254
757012058
798646506
700540092
746459275
112915187
798830978
704112699
792431679
768612037
718041564
117430932
706692797
702077921
702318448
706867975
112301668
116778463
702724586
707635629
792198284
794554282
797408187
716930808
705852830
740139926
702641588
743605723
759714917
791834850
798147882
707491563
790508698
746035349
745190373
742937733
111793407
769665349
729368840
768843851
111869545
757736928
727244845
707128952
798689718
759012428
757815411
704659524
759659702
702380160
798482823
746930622
703107505
748153135
704642006
740897862
793713168
757794240
790312242
790374315
769282794
746658563
702334517
743575707
742147273
769390964
701484956
726039867
798753174
757787208
759491208
115903652
790008375
719245933
745356692
743228756
726740572
717958598
796249332
757493871
111804871
757453779
793650264
702758189
701337034
707199929
794862134
724326701
748205651
722113428
757011908
790081713
790900336
714979435
714840360
746289863
741165369
794273153
701499421
769257662
758482519
797826283
706060418
768343118
723700477
743683478
769463218
740169023
748956408
740852618
796163592
748984296
758053597
796234605
112175634
759916969
745260834
742084145
799642820
113622455
742473920
717366219
798755239
725670911
712641931
745485863
768389174
748269532
794220370
796228216
792597847
741920502
797369747
112571664
719837129
768532613
720537532
703782636
112421235
723469742
113225727
724075393
792107235
790112182
701625698
740674961
716172304
722311429
720137931
768127677
745885394
759804110
748133811
745812013
768897428
714185297
707671286
722756489
757070260
768739028
702074166
114013352
705086376
706816915
792854151
740260684
704194996
702975866
748816876
769138516
758147234
714094893
769067205
745783775
794823920
113674460
746143857
794623521
768993494
769904608
768591102
757984016
793074048
719462632
793007646
702528900
759992551
729021292
745553793
717329813
714320422
112093106
112320558
705557488
710804242
716798972
716477921
710406189
722385647
706887084
799312486
718423455
708444326
705170722
796742847
705291764
724878057
757323091
712561932
796371863
115491917
115280103
113047803
741565219
112635364
792757431
112584839
704957648
798385590
759559783
704312900
759705531
112770274
745977926
758558604
757473503
796685387
704100849
110674059
724987174
702325380
115721520
115464826
791003852
759278312
701735557
768206296
702444668
114523664
702315869
798703116
717122000
748840139
792662304
794418694
741356293
722611134
115582593
703508622
114078072
796675931
748411262
758287389
702747723
793994379
797348155
794082078
713507492
746506668
799639437
798007589
712931947
741090610
116864038
745778235
759568392
758027140
705488251
715114490
111377906
719617274
757496514
722956502
725104702
799309216
745586120
711313715
702791019
116441438
795503833
705011676
792939239
748619949
769858489
794333289
796439264
757305753
114100615
706618589
745173503
701125690
114474920
115808846
707625101
112829022
706904161
717393459
794030165
793635547
705113049
769654533
708531905
742914712
794982654
795687246
727121439
713889665
748025293
706775103
114468277
758710412
117523166
111985081
717423105
710361255
700163809
726441373
115727248
795881549
758568304
794845851
757109563
708907999
743090770
700808140
114299503
700459536
702408985
702905707
743544062
791024536
794818271
745543967
796957810
768644611
716392867
799318266
707707287
113489142
759138411
112747800
798810568
796883320
113797259
703453310
742090410
748269937
791795969
793754893
701101997
768823874
701242582
792115276
714380683
114999678
114741717
790740021
716506444
716625809
795608562
701553982
700121924
700648341
706397183
706202419
703248607
745490296
710942312
115510839
713515205
796862764
743946048
793507135
790916448
740786410
759900322
741164736
798674417
702272174
794769815
757736043
793970791
725779179
743913424
703115430
757703998
745985761
117427988
723164659
711106047
702182506
716438886
742696515
717282354
114423903
797906876
111679215
758089087
717154991
711709542
116521774
112425740
798599903
796455408
702879606
112027244
707334146
729016006
793889051
794551336
705280534
793847290
793604070
701423061
794016662
704393519
704120591
115202963
704776718
790774599
713927492
746920081
117070645
742047058
115222478
716515895
758941815
768712139
710640619
723634584
791050401
768074186
111562250
715014637
711712261
719775169
114443500
717713073
792767468
757640499
745052761
713915881
711908840
742959097
113940827
797204670
741076709
707063503
759851167
795296893
717711296
706703494
714433401
727471675
799073840
704041039
114932465
116608359
742860231
759252327
742235877
769287627
769155089
745068088
718296497
748354754
768393897
745331085
757141265
708498187
712657970
727223717
708331753
704677923
115147447
113913604
707047202
769984207
769387323
757205431
708141614
790693807
757984347
112930839
117437502
741580204
701698734
713250505
758415117
705083813
746204024
758469523
704981505
768043628
113594469
112598509
705683052
740046021
716631769
720164952
115833512
725409205
745806381
798521638
794315068
114061800
701213951
116647345
711265616
729936781
769924233
714506829
110926560
790663001
799093138
700244636
703927366
799366794
724086751
112025877
759397595
718733538
758422185
708522555
710520353
711709241
792447838
719473481
791953577
768439650
701485386
712381306
728819491
799979522
759741302
717830939
796901550
701553919
742232916
799142805
794137590
792809179
728512582
757471425
796982022
728413198
703552892
719233554
701843685
116525459
791185778
114763461
799329994
792104970
748523922
704712306
705949893
724412670
714880360
746648009
799328448
700232317
701994030
116519963
716553863
702307059
757009280
720944795
716601767
704069773
793680838
759177313
115188834
701748236
741350300
792835613
703666005
757129495
793047914
712184349
706696447
795287795
115836560
719433553
746180992
797432065
117504900
741044817
700384949
799016343
113897981
798554479
743473245
798397840
719617025
759416906
110653246
740898434
714526375
748590122
703640887
757778097
726743802
114106803
706785982
748031207
793271208
759092377
715572603
758526459
795188478
701009679
710461037
758015164
700836650
758731486
769061432
717893687
718411507
794476699
715729631
794974218
114161266
798423949
743088753
768909075
798064294
741063816
759387130
712271831
707437989
796603340
706259708
759538601
759743249
791349457
748099278
768582906
758195032
111912789
117526693
757143841
796532396
748242781
743828030
712988499
112600985
724570396
116519924
745245136
708614892
794979390
114737356
797528138
745020245
795278653
796571304
743549658
743893940
769597178
718418620
707631327
719125932
792069327
114673984
113090810
114088041
790694954
115819551
111813876
116549754
700291416
720559439
741236954
769730442
701737585
743458685
117468041
757923604
710418625
798667839
769963036
701596548
701664348
794626725
757730506
700581828
748152667
115993068
717416845
720659995
113126881
720408838
712872180
706258687
706920274
758501434
702511172
112155243
792693510
115979505
740908870
795932635
707691410
715198335
740533142
793983913
707504221
701542073
115114231
757702175
705981781
723947855
703684336
798936348
718356676
720836970
793652824
768419107
715809105
117481410
112884602
729727664
703794078
711705271
708636043
797554102
740632228
706139479
768468142
791016512
701768794
716381034
708527709
792975669
758093298
116579588
701021419
799517408
706812716
793569286
112845535
769757909
708431359
742952701
114001431
714709117
115682193
793719339
792688164
759873965
729316322
796934604
114362902
703328250
796644104
792225760
798464574
117511547
768900976
711392778
114417394
704673620
116537490
712281599
790806546
757017952
707934908
769241934
714796954
116375674
702557620
745297275
742214084
710109980
742121797
115631612
791520449
796542580
111728876
745915608
707579386
716533780
742690671
793867524
115621398
703105408
746591021
757241866
715730519
757634522
711553231
748261885
115158289
700900093
707533628
790496227
710564132
743784976
707052065
713612797
742894078
705362578
748478439
704296280
748274318
116613218
710705639
704813159
759269351
713012063
707276249
718704168
798763484
769762798
703812317
714016797
703965634
117314719
790389446
111628967
790565085
797626231
745029016
743201205
741743873
708997368
793760152
707183417
729203965
790542718
768784685
703383698
702550273
759614555
795122409
742194718
706212363
746580771
742906173
757173261
719830406
748963489
715583348
758302936
724122043
710526887
701702557
700626478
758059969
700462757
702984561
712466026
746361813
768159352
790454196
796074778
716188493
743030641
113897366
743521458
719859654
743141327
707784060
759326284
795348637
741986432
708586078
713790777
112602196
741754721
794253837
795903687
714764547
794852972
718031936
758551187
707278253
748709133
710637670
703289613
705340887
759064251
790490984
702957008
713051576
746656588
703836963
740573646
741658769
112478372
702577325
796552480
741627284
710871302
708195410
116347991
116473802
707257976
705191802
707774687
702854673
717716946
714029221
117536037
708482983
740851883
701038869
759413968
713797529
757715367
704265415
705742854
707040270
758363400
707044058
790738821
719459095
115849271
757693252
713470466
796311112
759287161
743506739
759299322
703589597
705737534
799629373
713853746
793005228
793524453
115654580
706646517
797033826
116565094
746234767
113266980
794833905
757639472
713214640
758069565
769704078
707425843
718424428
743382728
745061368
769390239
799903558
748847842
740767180
116601822
114856978
117540382
707864533
701210470
796116375
790022710
700077843
768902325
112277918
768341951
759162861
117505185
116460591
718103952
705389870
727367912
708374518
703928813
718316407
707852598
742966177
711479107
759946029
701971072
117276913
710800533
113541970
712597073
758407593
768679024
758193047
111961192
746523093
704497142
115459228
791558387
791007627
795287268
113078749
719203396
719604004
112827563
713342642
758579829
790543237
757547150
792407566
797678682
794368469
117307242
113997988
705085339
712673808
757798807
702134961
794758367
792876503
702031396
742640481
707737472
741906224
741052120
117516080
711772598
115944726
717640433
702497919
111795374
707573740
117432053
746941688
799572313
711858871
794897338
715871481
768499603
742798297
798976471
704330897
758370086
795833829
798153977
717370193
799088761
759913025
710575676
742872410
795613689
742908208
706595945
793518445
716529303
794862952
719893282
723609169
727596123
116610576
117522477
723386270
790104057
115015211
794629651
796771011
713796472
743982703
791543457
799311502
793922629
700069885
794903283
711165901
748598267
794433766
115284748
117542833
798311622
700686467
703617530
792491240
701050700
115671198
769269757
798445032
757008138
710291464
743135411
710581309
741734142
706178389
702975909
116378108
704634727
768294437
707331064
706946724
795179941
708839901
757358312
701914030
117365496
758462963
703384325
792774598
114984420
759117198
745347579
115130263
792988947
701396138
718974561
768387097
798733203
757419905
799219690
116049083
701770992
710711666
116462401
799403603
116419463
700535430
741470203
746320493
706100548
116551035
701582420
112839596
769207565
117494588
706000834
116530549
703160873
799708584
112913338
742187796
794611515
703562081
711394197
769741678
799792285
717803239
717593094
707227168
794719630
742194066
116638655
702655235
791701896
727491307
724965517
111904710
705311239
117509146
794670924
116504654
702633875
700139023
116464453
717708873
748673248
704413741
112114253
799891198
757300339
711881623
115348859
790189287
115835272
743398354
708683052
795937682
703781157
710683570
702282975
712355909
719457291
794398762
705301718
720681220
712889327
714593588
768087970
704786754
116637016
798764542
701343776
110563449
757149321
114119358
740094449
720716509
114129735
723106264
748626345
706215819
748643578
793970375
769267529
794548597
796384657
741311522
715405093
795764314
757606543
705771866
743650826
713300287
742196503
769575434
743591535
719401228
113913402
716934692
116532565
711471165
719541627
746557987
742698099
745645904
717944519
796495145
769683089
798692064
114791761
719123840
793785753
741119842
724469181
112862912
797499425
745122333
743902477
745279245
114106806
757936423
115129952
711388635
757851704
707559126
701084208
793595708
768657204
117324728
795150892
111451895
707552993
743543201
743269831
743734301
741092983
740077798
790040292
795539482
705309247
799422343
795762238
705205477
740920317
704667529
712729062
796081900
112378812
759086528
114146079
758875736
768647259
743179845
768131860
743497582
724956088
746814301
711979080
700457097
715425097
742407019
114777139
759333518
111641869
748169710
701937703
759290085
792958891
745389634
795942279
719146507
704512770
704842685
725042988
716729619
759509038
742147568
113179918
759402873
746002691
796497004
705647127
725284569
705051853
114583344
116318231
792095698
115955853
116640597
705087249
727405723
759248844
729887663
703905211
743855622
740638300
758826307
701971357
712266100
759335340
708682738
745773764
710284723
794058042
748524997
768482938
757422620
702079425
758262954
703585275
794927392
790192184
700921794
719651189
740580310
759274807
796453976
712654297
726113059
716972666
759677113
712290765
115593016
717189553
748682913
794547957
111647762
741764637
726362060
724642060
725076470
703345815
111627894
729426682
703228661
796764629
729019573
748345091
759730246
720229542
716193972
757103097
791649752
759454931
727642344
743363475
742355052
792564234
707525492
790385731
790548718
711503499
746661580
791585133
797845159
115142325
795179389
742695415
718424853
719880349
796210266
758214122
790984052
799369627
768558474
715347510
798610546
768321928
741928546
725427870
708690021
716508499
790260629
792189774
712993217
703122347
705147449
742359873
792531239
700918576
791287253
798017942
721708757
768460864
704909934
729744736
710715830
719175651
769641614
704678364
742865687
711138981
799083263
748656467
746056921
727140332
796820738
718285268
114907250
728739989
719846695
740854983
768150646
716843562
112920541
743922194
706876793
748986124
757661412
705500944
729743710
743831748
706546380
768617668
714248396
746618123
758780872
741473479
706107603
712895748
769820389
790680963
704103898
792787531
718397606
705385301
768293635
740537990
795154579
724313261
114887948
726797308
795906115
790723734
708394794
117259421
728384734
797066362
794409357
727014447
710156625
790414387
711679446
768104591
701967846
726871350
715277404
707360142
742946402
746732486
790678408
114358105
796724794
704190067
706109506
741932978
791966341
711649701
716885190
759799885
790731740
743666267
712460216
796485672
769044975
742092158
714062158
790864018
712723666
796804110
759795635
710619950
706484508
729489721
706004573
793012297
748858627
795188135
769031642
792615889
111451382
791448720
707325988
707892115
113253721
715437813
748716329
743640454
769324392
113510493
792649358
117620105
116638463
704910159
742912577
117576398
702964157
703281138
793776107
742308217
729814918
759858299
795518921
705466301
725157922
701848369
707488504
728008441
117579084
743871885
715969242
710615617
742158678
703100521
702941602
745876325
742391602
745043840
702504993
711688043
116952985
707562334
791974250
116963793
706870681
723426594
712388967
116615362
729314348
795195382
117565682
712786845
792395229
748330913
704930152
700632663
792876674
759681986
721471827
725113027
791500286
117646861
797457153
707907663
713026721
742047465
713722442
715413976
712880826
791938352
117530986
729122764
718985420
792189178
741722368
717860083
114331510
115597184
117499415
799150171
741963692
791017448
717390522
798075020
768352288
114002037
117144665
704724580
768156453
117985852
796314517
741886708
769180554
727331527
117523076
745967433
759534855
793561846
705454289
116117417
712151080
769940489
793767785
741341974
116974344
117045236
794651072
111958480
768769702
117154754
117344258
743989548
768978290
706587643
117588978
113302030
768375091
701772937
794615731
719232631
723049927
113508990
769825541
116484392
112316674
117581677
716040763
702588881
114820380
115126851
713245369
702371785
111786804
711809839
706408190
742385727
705896961
114038550
720154948
740818983
790482460
117488499
720030120
111264452
714423458
112918200
796541940
714909992
796673598
758223674
796028519
798305325
702534386
117589334
701451597
713016316
768289089
117568438
703623755
710955478
117572370
716512576
115063831
718363953
117589506
742872712
792385381
759217386
114757632
701998797
707962022
748984577
117565734
706725859
794465273
792610648
791936124
791664253
706856803
791534384
710494894
746425660
117615051
742401825
793271936
790162847
111258479
717667369
724856096
740599030
714044347
743317761
707830327
117659374
115326883
706745139
117561988
729988902
757623673
758480265
746576178
794417109
768493818
712697221
759312521
799152267
117755078
700431133
117542643
745137734
714286073
704286992
117640995
741914856
795336864
729168647
790969291
748005615
115538400
794612286
728994755
745984250
797971942
758126311
117742856
797335777
798510111
704824307
116524075
745435459
707664604
720681570
716248518
715737214
759437670
769261307
795484132
757024167
117550815
794478656
702294887
114109754
718058880
706140243
740723240
708211194
741741859
729807863
704118992
706432687
743527370
794003243
748008039
112180218
748339132
743473782
113372123
706264224
745085130
742601519
117606382
701691375
719748352
793982130
794734842
793975181
115863601
742466572
713937423
713105278
710133874
757581647
117602886
799208883
740163489
758114194
791265445
721919523
797997291
703574682
701420055
715866894
769585286
748884960
715365233
796362247
117613835
758513459
117534764
768519087
703818692
707524372
701240900
117652463
114582395
117642391
114638518
757349306
757027869
114916743
799816732
704591179
117571163
742976282
704525560
706226873
717215468
702917961
704077866
740947471
794261308
757365495
718401601
798394805
117645389
748097586
717836441
745893584
713683532
795135848
746821074
711144586
701701177
769325435
768250392
758106349
718667693
748398848
723790683
713289237
112766240
704346506
705084071
796872095
706582510
743144736
716228346
793810106
711475850
712627350
724090447
795167993
769273860
714897536
116390465
715111900
706691695
794620956
794014044
740967864
703197030
746049600
793943466
701790312
715005348
706503255
716419287
743055040
701969251
116463702
702653371
799141582
117997548
720376942
115448604
742732489
797494567
790267154
708085101
708664761
712951462
713437767
798025435
117428221
796167553
717205563
769085796
703771194
113173682
742794807
114817955
796047146
759040858
715661869
111415365
791860497
746436449
797613227
741978810
708421752
717478575
795826214
769742563
714254995
719262565
769999853
746567071
111225513
117669412
716480065
710229307
112617503
705137068
796211070
116818516
112825404
700837094
746884833
726015786
728804915
116776860
114508191
715991763
724529095
713917137
746280827
769349350
742794902
728496913
117560905
741378774
799207606
117591320
790114071
758755983
705697024
794319352
705052922
700293316
791515328
113558141
710707402
712829015
112306832
745660986
117541352
769108217
708186635
115940770
713444579
790429979
743759093
743111056
703846061
701935079
792466607
742604693
705609942
115594840
110907650
742694239
741628099
113631798
748951381
117589923
720940286
117571483
794163146
791281967
117510469
111470686
700340741
791974596
705543144
725395307
724215322
716043214
729122073
114672588
798528391
117564044
719372954
797408006
757522862
718159213
112363727
740325363
790281652
713675057
114303983
758041284
725665077
715748193
116013111
711511618
792569269
742843756
726365972
718289005
745904204
743845785
703611430
705835953
117752452
116881454
714838330
790993201
742760601
112981790
746398228
115868572
712906586
792963376
746958484
794376809
712582345
717402722
117658672
701204983
726822396
710119762
116598517
740682120
743753666
757883935
748412758
768248396
706121771
702917136
725157686
794453094
703661429
794199850
799204728
717748193
114752758
717367133
116007270
726086029
759602041
743168527
745759502
758582052
742548861
794624522
719821491
798016192
113898725
798070600
729382407
757426768
759345473
743379200
742681478
117519297
769474425
793701426
795305560
710583877
729783698
116985957
115471052
111478560
115686498
714831047
710554976
757364763
708250825
115960963
116961131
117512937
724277169
799205439
110669403
117559917
742361953
718236276
703925528
114167952
117623239
702662051
114001519
706683861
116004805
708127978
110711838
718461976
723816876
742835311
712291518
701831727
769813954
757126709
740354962
728394239
740018091
117623176
797438954
742872383
112751726
706104563
769358362
728079012
740078341
794557264
116439528
759169589
792405225
748940067
728176489
748196201
112090744
112311157
757646461
759341249
768386773
703809239
113902410
706571294
715328934
757394046
769668912
719234465
117492589
748881606
740154141
740861463
728800731
722854091
713354065
114095297
117608759
117658915
114400304
769087461
117659283
706788195
116793951
717948490
794194634
757471638
768738591
701536789
113169674
703785938
794101458
117595380
728950726
745511047
792605365
720634253
796943418
705967845
712248293
757713785
710196733
701063558
742773724
795438064
727072547
792473523
702404184
112744325
715657386
702116067
117586120
117654562
713049350
700882928
711690522
114408580
719102863
791194332
743157943
769556889
112406603
706280634
742050185
711858434
112210593
757163952
719618690
718926079
759516078
792869504
741384527
702582491
710603535
705822765
116908075
795802106
728218976
796998186
758568710
710415757
748067104
792214936
706349543
748545472
742751004
717210325
716613559
701464214
758618802
769799304
712902398
727320415
710431193
743552451
701684332
727235704
794055992
790367292
791839668
717204964
748878782
113595020
790295491
729663644
769644919
114667106
740504981
794833129
714366152
111709963
112366560
758145189
757514382
758099728
795646592
705035379
759720082
117514575
700082945
727128130
706251562
701109111
791670705
797995983
710959366
798937341
116770561
708314959
790718809
113901265
742822151
711703632
723022971
790905984
758616574
719312067
796905386
718228916
713071399
746722877
792992782
769615311
117616703
757113681
796867991
706034561
795309428
710322983
792087380
748952457
792203227
712154367
116993895
729151343
748215713
718727406
724499536
741529790
716831378
718541865
117052119
769233437
717348111
112400947
798580987
117657955
113122410
722667362
720745370
114699807
795563075
742705162
791961817
117478448
740366992
798142912
706760896
704695551
706022356
720425182
716521685
704733425
717002253
705730783
758536837
758449071
117608057
793543651
704379409
769059258
703486886
116503863
794740572
792735777
759959380
115948280
719366695
742607792
707877178
117503114
703531169
117657258
717539540
794626546
702134351
115875184
117654713
700157648
717655235
117581586
706586268
720467122
110993267
791683001
768513829
116796513
757490336
742135865
769671764
748953139
746805208
758435512
796547611
705400399
110891550
769759509
117663232
117100260
758769179
704687419
759369526
746150782
115510293
721740900
705081495
796411905
706091393
759037016
768543064
117648104
758082180
701982129
791274093
724369102
748246991
712671344
768552382
715140725
791494626
759866409
748851756
117585121
718170439
117661832
794321674
796365811
740508972
117627390
741267527
703292297
795502089
748442389
704973487
710212807
768447852
703238916
794286383
705102766
117345815
708274093
117617746
116547202
702817320
723423087
713574675
111680960
790762186
706738505
716129564
718653806
704913795
759662318
742981143
702792691
701692276
715601987
769162095
117587709
708441004
116982534
746180098
117530981
728807334
769940887
725339578
758881180
791231508
793819184
768730957
769230705
743247732
705882103
110872653
718330665
727449902
769620843
790563507
790611185
768018085
757453381
792621905
112086604
729993480
711171403
746930792
714049657
745437729
718404581
710447651
718382377
798076052
792593604
791740323
117347053
113362891
716754727
792802832
705174195
741731937
110604011
746546940
114283045
742194939
757865284
112243424
116695075
759401951
713530409
112140063
768132041
110063952
757494403
768401625
793897148
758077603
740259206
718159552
701124664
116024149
759803208
741848765
742505531
769047351
116654865
713889681
117603099
112646951
117158196
745324111
117562946
714853434
112080110
742419527
796458961
793551882
796900426
701480672
723472836
708763582
719116412
705972787
795475700
791639767
794938992
705697004
795069459
757834153
746648203
743018528
705924200
117502397
748848982
796145772
759592870
114077260
768870188
712002175
708109649
793654102
797216827
115370127
743657319
708544126
713708698
111218417
116621049
116052919
117643180
791418214
769854711
716533509
727012326
742340657
703626877
743685705
790779542
114094543
114480315
113317592
792051782
110689638
116484543
117553662
114186945
743910884
112767176
712360236
701632711
726352421
796062972
727067077
714369899
748617812
726494260
717451865
798935619
705560593
728584208
740845167
718601089
717818318
707472592
111275394
702324735
793283571
708831673
740581015
796447671
117651673
742031679
114354321
116499992
114543698
719850356
746862506
715562534
112647702
706545978
743132804
768528365
112372513
794968432
707620905
746136175
114095697
117039257
769747417
724731038
110172111
729856599
114095067
743152485
758635096
704437662
701107472
116516532
725881457
745270849
794489541
112052941
718405061
704810131
715732738
701499338
726152427
115204038
117642581
718075810
769368055
117630478
708293184
708992944
116953615
729944195
792126842
112481737
748326080
715528965
757501055
748003521
768814183
116360610
746215648
114260319
745438117
703987065
111983142
792970257
705574993
117659013
716193578
112882504
740328985
112057957
115814248
117058064
798211389
715653943
742616679
705586871
746932455
795021541
114235081
704870434
758379073
114021171
117112858
117410302
746825023
793978733
117718976
719652181
115618152
757499137
795978281
740631306
117653907
769025190
116262476
796873269
704310529
745242364
708918963
705373936
720154345
769354560
112006115
748885482
708843825
748200574
720608276
791959255
117570205
790576124
707649686
701909197
704492203
796423729
794524683
701909368
116904196
703343488
113533207
723742913
706920522
116935417
710790668
715847817
702713682
719472756
727370950
112448871
757736574
116513581
116499085
759202955
711905580
797781552
793791870
710712223
723911490
116033876
743806726
745553316
713670083
116861157
704380041
704356166
720597222
116795187
117646382
791162937
116020981
758536168
713297822
701826238
740384764
703653386
725774820
115384539
757896021
705580486
111402599
743804392
706680753
719841301
713942673
790468438
790293508
715334840
796563065
701663708
769365894
793002497
793548403
117698335
768106419
746837205
794282519
729261983
796094363
792980902
797554264
796984589
116984556
718562804
718669827
757681396
117580481
748622471
700849501
713652953
745003015
757179463
720695113
716207666
117660418
769485219
740199742
712823249
116432948
117703497
703347038
794136637
740186783
790108010
758766967
114356817
702049173
117136817
742069108
729457450
703994146
719304145
117668394
758226183
768274298
795826904
111672804
117142433
713283992
728286253
757654390
720153502
740369769
759757965
743795005
793295164
116442854
113179433
768125445
759399506
758990417
113558115
740275608
792416468
795917326
710318895
711441370
702822245
110966570
746452590
115070206
799248169
707457525
768350788
795136902
797262561
702362885
116037889
117619961
742442637
116225410
791967833
114281925
113878726
701172659
113131596
110964020
113783834
117004173
746205123
715786211
741618062
701768308
115417747
710786739
712376506
111260474
746839156
758576545
748993071
793403325
701574976
795456111
718464558
793648710
711243012
769868392
707509073
790129590
703225546
758841360
757357731
797719439
757030190
746767359
714363052
111258139
746961384
708587554
720623270
705258885
743278545
791286512
712750616
798034930
112545568
795467871
117654804
714302595
769824612
757028249
724393794
115868052
740321674
740263568
113915288
717260943
740333807
115237240
711704757
712922683
702873781
757758129
113447567
702476632
117562249
701672588
117489252
112514314
792258938
117494861
796243362
797435145
708826976
710671433
716790232
717593562
708727154
719670368
745131056
729682224
792843180
707119796
721920067
710564989
740707745
742169825
112031956
759313334
758898724
111564641
718108852
116565301
757265389
723961506
741628705
117349439
117488868
700749415
791639893
728433956
746754786
728671073
718085794
743412272
769489597
708659425
790015398
117578872
741374674
117578239
741935778
716360839
745014352
710970592
746787715
701598096
745164901
746778830
114001667
713353308
719854202
748260776
116575130
745640654
743950402
796394459
112524075
703210827
741430767
113993486
740967810
719530085
113457463
790827688
707451648
759026007
115729759
769862246
704789352
794189458
116713983
790817260
115292334
116254294
717850557
711433256
702890167
706429440
740726493
796780653
769681720
117571701
703335694
718468816
748263237
113280810
769692148
715429508
796775128
110678164
117565768
718475136
701133795
702704195
797210073
702512767
769346101
704076135
703671776
718552531
702888417
758898786
748773587
113564389
727615990
716193794
757045493
758645514
745261938
707138410
706586973
769883529
728356853
117701095
705691534
796901196
799901379
746383329
768719389
745497871
759349154
117562782
740193573
758608575
717324077
715911341
116467180
702972026
117650423
724713260
113439229
768991566
708810362
740193420
116589447
117569745
112673276
703892047
793955386
707046509
748561658
791245984
705965795
705623514
792851549
113570884
708156322
114473805
713203863
111862936
715636574
740645082
115176537
746466876
743159295
748117410
741190702
710258842
116804675
116788963
743217102
743109828
113667294
740635862
705227659
706792421
792981209
112812348
727762050
712173134
712704314
716283821
112727326
117637783
792390833
701211013
113869283
727955223
796440587
758298192
795694016
117403006
743303602
742576843
793489031
743766616
116721657
799458890
745742497
112746818
706636176
769384160
748429273
741310114
701050683
759448246
796299416
718540012
794356452
713621637
710824052
795621989
717896904
700103016
705253693
703223830
116744821
745386223
794706451
701796632
112601063
116725246
701979192
704787061
718269058
116810216
718168232
112741203
716023597
795835693
110732839
712430295
702680784
115544451
794775591
797004266
769613526
710881414
745000452
758557261
743957843
757960648
116455814
117524613
704591477
757510116
117486888
117565863
702281001
741091436
710695101
117322537
720565770
715235468
716679557
743513899
117581530
116561083
115464820
795852303
705577333
797384303
742129600
707396425
117546941
712981882
707847139
116061112
768001987
797927456
798877140
715113102
716733492
759049692
112648289
748669162
703260025
795446299
117653652
724826347
729954881
117755426
796679372
726882417
117414583
727486694
728327093
110136593
114598390
725317668
717033254
701323175
712423057
713693584
111290382
719674100
720935776
717078699
117487970
726849091
725517799
769315734
796588765
724333956
112104733
792467253
726671305
718489784
748539016
795720027
707981762
706760441
791625250
116870912
725685451
792705016
742973975
704416378
769095149
715104216
114475454
115193886
707496380
702088784
701905383
746092638
707700034
743513289
757081065
700894067
117585400
794018586
115698563
717053528
116770430
745848242
721256831
769890864
718686402
115754355
724063313
726094883
729707300
758896065
768375601
797403466
112359735
710384522
727964694
719747168
769096533
725571964
113466323
795931921
700915454
116573783
707631927
112933759
706734655
794558317
701510436
759872129
116511491
725723985
748450183
706485398
728163854
792413184
723570907
721174593
701569230
727697398
790634003
112522999
797863183
712710046
716108136
114088785
726448314
702309538
797987707
797811244
723480737
116500606
716986339
117016126
115233390
726684468
705893711
721553189
797279403
112316958
746904313
716472632
712329314
704203650
702641995
112695575
725225327
111829505
740630504
703709618
718972728
704768630
768050893
792840585
113265720
797916278
748002918
740147760
742306794
706587914
725696528
794985339
116546402
112542620
743688009
740908224
792245732
759330477
795660102
714726535
114088871
115798669
723247034
726569385
758146211
116470251
701565300
700855664
724454087
793803623
116486857
116630989
708617209
795484592
116462584
768192480
723489923
722438506
706186773
701886693
757309305
716929482
112234013
715132777
746239009
702696350
702803604
115442786
708158949
701591602
724974789
704217517
707652210
758837660
111446754
114480054
729962594
723816440
716048468
745865309
798951287
717987302
723674363
746927587
113444168
727714985
791770037
790987907
113585167
742670079
707258604
725863267
715982267
115071107
758528341
743766478
708444625
716199883
758070948
115593238
716603501
728721618
702430931
794741944
111466354
713552912
726497960
759336967
116627308
116613692
792006998
723297007
769877878
707993123
758654061
793917698
700517894
745186544
116549918
769017968
792432202
113323715
727749153
757475567
791648215
116442361
704383126
791581508
717319679
706939308
725127249
768421281
116527804
702723698
769773610
725491675
790187388
748751814
714690420
713823238
742140672
794221786
710666053
112634190
790671093
114724848
117321490
790738056
748250326
727750693
707825678
111437071
769221251
700808745
704834582
702863969
113531030
700075689
742456587
721650165
757061381
769523579
758943640
115455456
705935770
791317523
794549642
796456912
719598925
110673334
791873320
719764240
757099475
797874218
796691428
702386038
710282957
759995609
792071091
743911695
715729133
707967229
117441220
797132397
729531402
757803849
741552789
797781515
722549372
742966465
746943238
728466905
710130646
797437606
799180917
743718628
768947965
117506023
768029735
117491182
116030867
794749981
717081489
707183087
718189055
757813336
702004758
759987726
725748061
757370496
792671373
117510453
729155513
792642341
728327870
702347916
720945231
711148416
741047210
718370135
116579779
116626421
114764860
706485474
113673978
799332763
729250279
703788122
799567523
705814392
705204393
797621090
758594958
768334204
742572607
768129487
729144951
714688276
707315845
758400150
711709954
723788392
116416833
742602590
741585115
700563101
706885238
705729464
723830401
726754934
797706634
794158265
795332697
722751493
792649428
740738109
115929595
721818111
702546748
717474952
718112827
743370214
112118331
700486603
758527573
110898293
117437699
724593109
740440057
728460763
116618235
708519053
706775029
113878782
745893279
743640106
741099802
794492320
795776901
116482629
748975575
701459772
717142812
703624930
741985048
703662587
704719393
701390984
768011862
722674236
704557714
714637106
115099389
704868958
727513372
115894538
795958062
723703882
703437924
116564000
704905761
727030879
114031891
748022719
769512869
748968149
116594872
743498144
705102781
798251609
111831273
759521682
115656333
708498317
704056896
716202976
112658934
728812745
702827621
704425852
743392391
705121359
723592751
718802644
708029663
743523299
725293988
757756540
705771407
112605752
116546572
741050648
707602330
116980563
702095962
758265766
769803471
741663422
721926437
704680387
707632846
114661619
115025337
748630562
112768693
705045694
713619766
795827306
705379658
713505300
708254043
116508839
759147513
723726902
798323397
720988929
115436354
117413656
114737428
117505977
716819241
729721018
705712547
746553126
114883294
791551363
706012724
768570524
792154117
757176804
116619357
116464879
701237820
116640700
740629768
795758924
768893778
704537329
117489619
757301550
708787176
795327660
746789562
740271169
714544848
724558185
797515921
117415007
793488479
116481493
117495746
791732224
116529376
792967309
729099365
769918345
717429336
795761357
710338275
757590984
117488199
703334938
116361394
705462717
704914123
702365972
757298014
793703405
117519922
705355572
742539657
796295820
793765804
794476826
726463869
769692452
723565031
707775985
705164292
768717040
707198304
707319146
117479840
714560430
707178054
717577283
116455921
715591737
768319046
116596093
701996574
743623158
768986401
703518906
797116702
722752897
707253994
707868189
798348576
706311909
742545646
114345136
799179098
724494309
721709704
700936025
115201572
726635429
700137098
714229230
113693130
708013867
729379147
117426922
721319714
729023989
741830865
793829445
714064987
701305296
721864162
701719019
797254868
721918874
113634221
728396442
713852695
703589101
715935603
742365740
704991664
793578713
758699268
796847498
710924522
716644849
113920215
721609371
741229742
798785276
712702178
714609919
716561352
110641369
116767688
725315279
759026870
700920611
113077682
728164523
116473476
769597099
708287174
792846030
707895033
116701176
706096168
791895011
719263163
726867647
741298455
707155374
705657994
748256568
748595232
758578250
703299276
743785612
114238260
792108278
729553245
742116032
710597409
740119940
794124611
798893773
795885076
708990030
117548119
796397147
117355272
743660357
116609835
700690473
115095747
741870748
740381283
796454816
743036741
117652939
798479466
759493695
745011382
745576014
117552909
748760752
117094956
743013834
117629912
703756461
710785810
111718425
113997935
713282579
717670502
705458675
117564531
798937737
769141006
117971137
116146913
724642327
718089791
740658404
117619159
715354693
715099157
117688653
793770704
792386626
768962893
719228306
710791303
112632501
757506997
704873010
748332987
748401177
114536709
795901904
797854626
707649408
706763127
796898796
769858948
745241283
714110407
797692694
700702864
111664608
758488092
114865077
748498243
703691502
758542153
795454457
758335885
117954705
116633800
759637812
724611578
117958432
769111218
701378824
793053387
758734039
743264550
116087645
795206336
714920738
729924717
708639308
708276561
704087155
799217136
710461143
794763704
706167503
713137448
116983772
793256796
790322954
721744043
703997861
713213553
723146806
704821134
797988582
741835836
759268604
110033556
758327068
797310257
705880339
796716740
769558439
743883268
740689205
713079219
757073326
116773448
796925665
115452671
713462381
725065814
117611084
743499142
741052568
715329920
114341625
796084133
769564673
724413037
790434931
759799437
757047022
759201355
742115812
729546771
713826803
726926342
721803970
745729435
798752166
715106536
727064336
115846358
113106968
711864743
115813706
705943814
116510713
791843889
720485968
792065189
727049535
702553189
714940575
758472119
720473432
117612315
768217892
791553782
720475579
740649617
759763237
708931253
117999008
748628487
758639258
112452608
117967401
712734526
797415902
716605714
701312186
114195248
713486100
745063749
714214955
748732347
701519311
117003636
117529287
745176737
748901398
113427018
746671994
725415853
795643785
117400812
740517358
720589571
718502636
117760711
113404813
713385410
745980165
116927004
117157349
793065610
769898454
117616490
116255269
708507177
797288912
117509219
708886515
717087507
710284693
794921903
117482191
795844162
714016654
704023122
720687053
797762850
742999488
758871859
711261397
114001174
719303504
741857426
740601948
769972852
717253212
746777653
713628674
113229571
112994394
724769334
116181497
728289546
742217887
741632972
793847957
794420584
757441202
746336628
791812638
716074987
757724976
705158491
759718490
700203653
794688606
707463708
792845426
117012667
769456907
793883694
116569524
724950854
117972661
701917744
116730127
115690178
711692906
701952974
793304615
113172030
728543358
714136318
701604422
114623064
711900455
115734093
748377504
757944818
116424062
768637480
769190783
704064869
793803743
769691120
768994214
748346739
795068719
791233276
759914182
726920273
723584677
116070441
791524883
114003696
759868965
700904298
791554354
716846582
758288661
726270284
705155351
703259264
729441986
769483749
769394881
768133706
746704310
797532816
792295966
717389014
768504094
713920977
768265476
116285125
746195538
727801260
718462218
113415206
742890295
797857449
725563784
707480273
117604053
719542163
769951352
723475965
768869108
717660186
746053169
797248711
748815041
728398506
115501353
717500532
769634389
746976092
717379865
113579904
741116089
758856779
759553481
718770236
725894133
712553686
725718975
116022650
718116795
743776672
115739134
796604448
116421589
116056025
117561022
740121876
791901253
117478094
712248184
114400973
743895569
707971278
723891621
701848390
798088851
117564603
758009568
797112269
705705328
743683428
703875611
741462570
741096970
110707760
745337417
722786738
716945211
797152565
113645925
716204572
740922901
769813004
725014751
701986398
768765139
701969213
715338909
112416247
746042907
791973858
745846514
721139433
798234368
758370526
746448630
796243964
796254075
759012974
116548918
728037429
759048095
115073354
715352149
116774154
793719934
712778961
701973017
798032061
794960948
748836834
795219710
719769325
759589708
794357657
700808620
742018056
798175626
741834932
791338035
115441028
758823621
116174600
701678487
713461187
718301048
791710900
795705426
748330979
702672604
714186528
114183616
797070813
759532124
707454421
117637165
706882603
720261395
113402187
768404930
117570347
700796651
714093492
757624728
794585315
702709359
745641511
742006879
708015746
713005067
703738680
110919077
790193049
796375073
721508692
758269236
115570256
707948193
796777246
729742442
114268856
710708452
741794144
112633017
791520410
796493179
745705797
116977568
769647708
721876774
727396716
115555196
706786734
759746375
741434744
797261914
713346975
711810594
794186368
714164786
745164805
114421287
790937792
742185501
743684149
717191459
729124982
708789279
712945079
796702937
113501108
715725693
715757563
710161895
727039574
708650841
112408910
743214388
769056542
769916938
724677317
115927198
725910024
741239131
705115010
116015387
711460134
708080663
798614599
704423860
111228766
799010911
748245138
117965907
758874093
701576520
769374113
793071106
797408604
740216635
792933336
759388180
725830798
703618876
116928851
710569489
116452961
759628713
793858911
745042509
794317605
746199133
724483525
748824237
707429093
792389394
114620608
746840602
794269271
113962609
745400735
795884918
717867351
725540225
746298795
797074338
713229919
725136045
704730893
115024395
114520756
701592683
796492011
712165386
113993866
111932483
743014076
117722025
113493977
117579354
113575832
790763604
758963118
114827026
792495954
705784142
793588946
795304328
796104988
718127114
711949785
701775338
707484069
797847727
719678472
742610324
748916398
746214313
706765729
768169718
710699598
706295613
117481251
791709779
710456169
769654597
704297283
703905369
116014808
116630528
792437546
705680157
712504957
117712205
758786656
117410307
702810769
117564562
790536928
745717752
746096065
748942568
713604812
117388999
795276113
117418910
748567819
726058934
704890553
714852490
707786454
706317506
701558398
759103475
703875290
795874114
117480664
704174729
114655201
713245562
727803890
116620760
113439867
769640271
769156142
117556410
757276796
700570714
111728161
792997220
757948720
705243346
114488291
727895856
759675704
718722764
743702910
110983974
743597520
719741047
714964110
757000391
117632697
113825384
114746018
768863265
114327593
792949167
791584539
110392166
790966845
728352708
718865001
742652397
711955698
717603535
791704946
116528464
705526595
114026496
725542860
742296537
797827153
715115692
114534335
729484399
715883806
707746462
742809830
728845146
768197961
743212479
769553538
748283950
794963571
116927399
757347183
745402038
757982842
757781363
117510703
110713781
758901148
729127499
116579003
114484439
759094108
768745713
706657665
759713302
705621395
745886181
117965362
746150445
748397016
706190761
791285734
746594786
793034392
711900517
742648910
741782044
759153424
792732191
768977995
794723987
798050484
759815994
716039368
704801558
116519710
717434821
769148645
758479279
794654247
769813307
790854601
116527948
794239842
117576296
701712872
741986600
728508161
796484786
714682729
758465420
791898043
718443789
743348552
741625773
716688343
720777819
117595157
746738626
718223996
797932603
727755753
797856459
743361210
745271496
715808769
743472415
708894318
791816478
728823629
704037954
758210735
117593429
715568328
758959436
799478398
791827615
114366791
745369189
768259664
719562067
791938807
746909833
748131183
724779004
715036913
746579451
117508385
716213151
719770569
757448268
741458301
758265916
719429667
706828727
793069145
742914938
748511376
792841808
724285675
718775047
117022681
716723450
768625873
798765336
745174997
746631326
742361466
117984608
746106972
115982273
719378877
706851056
115925426
116479445
113969714
116468857
740212384
746876759
701381548
714420019
110250439
769180289
729892699
117480386
719383153
715721739
704279200
704056949
708650672
700543439
758227863
702954179
117654673
702917050
700422168
114595647
792429697
115737609
797997831
712485943
758447663
707240130
703668582
741620759
742879517
792175488
701506038
729269528
757434526
743414851
742899867
716806243
713674856
790570619
115086946
715886449
117584223
115672369
740791259
743100640
714667309
718544381
114628190
117564154
796209388
740759495
729308868
791771002
707264771
757416997
720131596
748705385
115374850
710679887
791259185
740314227
115966529
724561070
758494309
729449749
717901028
757689623
743274266
702915844
711549344
748957330
713350147
746549745
112448158
792356536
117407198
759359539
758754204
745004185
708922589
729807223
704993529
726273698
768102853
740420295
742310061
702411944
792634386
708674702
743651795
716987239
718135710
743287451
791275452
768089636
112667779
769974051
718848978
740889268
768663125
795713133
745885961
717088173
746042597
116927301
794512843
724096345
746850019
701620639
701400855
112594968
743714592
746783508
722162214
116357809
117494418
706772186
713814861
116742846
768392517
758407368
116768181
746992597
758380194
719697770
728259758
710317745
758659361
790260039
727671898
724296154
792781089
717748777
706094397
715986707
117639845
741189671
794110278
792451579
794553353
743550586
724735625
700817151
791478686
743922185
795842017
740504262
116776645
759273321
769361437
717707446
796171044
740198150
757837099
116909365
746755966
798337756
703827178
114396153
740701666
796366894
701520736
707727648
769142580
702879913
742326483
743971742
799297483
758639059
703143795
710745721
708723444
743356905
758458729
705857224
117600140
743861170
748847453
758721388
711998408
742628364
717967843
713424289
711933243
745679602
794944180
791858876
799464608
706279057
714062300
795642167
746803990
113452056
746204526
117637924
745249309
791833566
757406947
791668004
723079536
794148281
711278858
748846793
716502217
759239682
768552261
795138110
797516911
796442846
759780284
716222105
757817395
111571458
117749682
701119808
790842301
723585671
790194022
702020561
742841508
704945616
112584170
713372035
758509175
114793576
116679530
798949849
706247331
796690207
759195889
793922567
703139352
705900782
746855791
759896129
796451368
793812279
745410354
795706281
769884874
758513395
743413309
726876382
113140800
116727418
792019357
758031949
116913164
748707593
701229517
116905869
791814151
759853685
746539833
759948223
742889866
718591876
791678321
710756010
705365060
740791755
759441514
719154045
710608978
725444955
116708454
116896389
794622839
746694589
758470795
719226153
758115340
706699291
713217118
791157204
746829572
704077631
116128577
712696807
112013935
112364627
742466281
792908155
727581431
742347455
795325790
708792422
790098141
741108805
112734738
708992925
791488191
116982468
112647103
740177380
741854495
700498311
117612859
117551064
704530619
114535637
703669537
116805520
791846346
116672881
708429253
115497723
748580436
703693728
748989301
745402518
741819815
116504383
740334580
717030496
705354647
116712289
741491732
745797311
791510847
798448301
708949429
718709846
746033406
116360817
742320894
745768049
703330187
114641640
746645165
792519169
741941694
746704872
701757058
113744340
746960543
113340635
723346715
113257895
746137033
113799250
116884249
704089777
116908576
742285697
716885487
113434263
701095374
113438380
715427995
702686005
746688169
757328939
793554187
742420612
757618957
713824429
114842704
713432054
708914386
796122187
794139803
745985360
117723291
702403805
742154398
792800614
116764563
716213865
795753683
701372835
707825598
116966606
710672312
716683591
116762478
759706520
790265091
792010867
797608853
113164482
723505416
117733212
705463522
729665013
116484882
742193270
795438723
727429463
769985564
794240121
714247569
708388416
117638271
721847994
117727781
796079169
741037041
116728809
716375974
116783222
769638741
748427928
741424014
742047833
796714137
748287321
759849367
743397441
793592072
757683162
710627241
742506902
113921780
718178024
112532396
715491301
115484690
794302804
758902500
703427594
757523049
716338940
723177556
702143097
117410900
723775606
768649035
116905691
795495723
701870219
713768572
711461237
115454371
792907386
741701450
793248454
758035895
706429433
706042498
114443686
704408208
117731012
711629486
792833441
792651290
792951929
759490982
116611307
797063672
111257082
710471662
757238316
708476389
769998284
116769314
116788573
702656403
715487146
748431058
792745531
726889193
707691505
741720431
710589026
796989208
715676433
717842563
769671513
768347149
758215528
716435691
711527179
707194956
117457213
715832168
707907383
793301670
792648791
745260467
759913670
728845451
116687260
795822059
759876309
117739507
729761381
758611930
116164104
758927920
112476945
715292132
759560620
718397879
116804073
790916783
117433147
792848516
743547394
716289893
718450390
706253689
713851858
700696772
718422740
790891059
791916420
790756826
728868835
769272615
743807405
704680075
711432541
794205956
710903639
717209921
768442496
792317969
724596018
117717100
740741398
740407064
794398893
711370673
796691605
768431727
713006814
712905501
796163523
758907152
112775258
796906158
706254589
757718141
745484323
708447629
715493506
796130100
741147973
791356076
792054240
742746702
728372235
117624809
727554920
726762977
113854311
790546201
759403469
746619990
793395515
702984345
717659546
769469529
792436695
715603446
743205349
727455688
705059422
746940682
758699255
798354931
758431653
748360792
742486529
117671003
746306561
768102212
746307585
711504618
117560464
707881866
116285195
112505642
790463795
797862051
713798490
717500444
759319482
726023280
117719835
117697729
746948093
729119569
795089674
798360511
798054086
705759563
705873371
743930576
116897934
795681238
727496207
743389715
746829073
714221983
791473017
745680748
794047866
757173104
748324877
114663270
746895113
743875817
798390248
793599557
712307466
746372043
790699525
793767687
799684502
794719245
708192655
796368174
791991280
740812357
757504198
791921257
794781971
111671470
792158827
745462562
768318861
715433856
719347007
701085715
117772525
740307366
707020056
712027568
742507960
708522173
117797985
758332938
710429646
745204125
740198943
704517577
791895604
714529130
703470212
702998562
795019125
710161252
768363502
769458823
704597013
113988961
741192481
727135398
702828709
741932836
769576570
758053724
116784803
116684864
741115773
757959374
796972971
705593326
769702930
115806499
768262476
768808114
116657988
706910062
708899792
743737298
705021612
111578585
707968887
702334022
742559293
748993154
746097537
794003394
743204295
701914384
708565703
116893195
117602205
715107836
798940205
704568865
113204492
729594925
757908834
113098212
757016350
116664429
116909686
727826532
746810546
729175780
703637419
723720036
793307755
114266364
717241821
708467509
748136067
743201945
742160181
758272471
702950454
116794461
712828679
790038006
112488328
717131410
743536977
114180992
114208860
705517133
710824761
758868315
708050357
708108960
116895419
741739631
768075018
113053629
724215963
115202712
704410773
117691492
726286815
799862532
720323922
710176115
117641379
727462012
116798362
794838429
705199658
714364802
743240918
746279553
116780435
793671924
111459623
798885581
713727550
758391980
705319431
728123797
117569689
768928776
704151970
117623012
703999576
757085146
746269444
117573127
116681600
797156214
746369921
794590190
745384416
708193062
716581580
740531250
791190342
769635539
711739244
717531006
745774965
743904232
769213868
790004856
114294859
704786336
745648313
746945782
746780522
706847812
740627359
706908139
794034114
116788147
748776769
116716175
759161426
790263763
116988463
711515963
113065891
793250904
111293212
794159156
759568338
757894011
790350203
743065462
714028641
708518705
768135509
116804881
799343364
790224526
792121525
117682492
117598867
717297785
759623812
792930577
114427781
113054044
116809479
719103914
798010873
116680774
745533458
721352889
114360523
745296539
706897065
704813046
720538928
716232593
790727183
116979658
116996030
743424379
715935848
116158191
796645072
702296695
746350065
112922872
117709119
796506147
116244540
117677795
717551041
758370114
746979079
113045751
706937413
708364392
114242901
743948622
711328727
116816876
769046353
707885394
117685865
708802981
798235670
758133634
769706151
759171108
743597127
116535026
117605782
716514143
743575529
759176113
117685691
793314281
715335953
116818560
112077489
705483647
111368256
116716235
742699413
117541651
715453614
745939293
715769944
740126122
792686056
706601024
743217470
714329485
729084655
714931697
717504637
741789257
707900197
116997370
706885967
729674417
758331168
743670085
704136732
711214935
799972668
718252291
704641237
745808741
720525960
116802872
703991745
702389172
702233185
748948460
796960483
707590989
114070806
705185345
706382339
758689858
799776683
702549732
792426430
748812540
796471607
757619088
704681979
711866815
743769868
113807332
791610264
790673566
768572517
116372726
718721080
707751832
794167664
759122501
717183378
707269543
115954282
727631738
791545356
702978659
795448221
769507134
797914893
117725624
116557813
799409403
758006507
745089543
791308552
116949711
113669416
117629973
796598905
112073530
116734336
708538518
740147240
716262529
714985510
746773415
796324981
701008649
745424670
117615872
799528122
799269613
117782967
706762373
111458090
113737005
798195809
741133620
740284864
728878499
706786312
799431083
703259810
718035264
117571739
701786961
117593537
758219783
795761386
116231940
758070757
746488340
798470923
726071070
711946559
116730265
790936803
117585473
745669674
706613905
759934828
758692729
746169122
707811823
759849543
799371837
743699471
117624225
727069488
728257737
705610481
728326472
769903447
742988036
741058196
793299764
710826279
112239461
702928306
769339088
708960922
725390512
702491163
115281435
791854618
793556231
743915993
701600776
741237952
708010497
769024093
797713404
114173362
116050189
711107646
701351819
704214470
743758600
741261850
793286356
117693812
116902714
792406424
741522694
728272126
743685799
745069503
758148566
748358543
117561907
704126069
114093220
748720377
795080636
706162604
792371101
797104781
758614256
705855676
768327855
757151106
746234215
710605164
798897116
743731920
745980540
748396120
798831367
758569181
741962563
701875453
727201197
117715870
769653662
116795222
745689172
708460675
708667803
796813143
758297202
711555198
710418381
117640453
700632349
110589783
769658816
791409679
711462670
745716600
757762798
712359436
740623734
795204374
716368132
792561752
797984099
708389409
701472427
742402415
116949924
721403483
117571045
116636471
769347470
112453089
714772489
116880420
704216459
758224029
791652413
795656919
706705194
741482866
758219685
716573784
742174654
768867954
728408364
740739866
112416360
790984326
725398762
718576640
116783976
746057536
113211243
769892441
116697631
769784206
116807005
723763042
726896939
116777329
117987363
116512137
796703611
742372564
727713275
705131439
111661455
719768018
742750329
717012670
117043669
742133349
113522862
710588458
742175178
715527355
116946651
117732013
742604726
718921971
727235668
769247615
117693550
704158033
794103829
114150822
111975842
718022629
796161898
704061269
703388382
701956327
757804703
707584083
112604691
111321516
704205183
742051038
743567375
758338785
722469747
790256802
757273962
708679364
757302071
702811371
759819039
728766450
757506574
117493268
117706871
716550620
113542696
712595643
115664456
748745971
745210543
708650713
790819748
768472375
719529545
704284659
700706053
110981429
700835040
742723956
796794970
720284281
714392718
700196243
718415647
718886471
757879715
715122832
759373362
741769401
704327935
115241942
746205317
110989347
743501875
723173148
707067336
796048981
116775050
708398234
701515793
727947862
792892118
721975914
746178393
112382106
746526174
769109117
718269255
726077758
705526377
748042983
710139351
743419509
768724679
114222731
796693822
743499887
748949918
110714507
748136294
757234142
748264856
743631978
796392278
740416804
768424450
116943183
748725246
795061672
792006662
794304393
746175605
711556354
759482107
769290219
725872392
769975015
740028189
757600539
117119680
742519346
113376598
715258277
722610887
701329704
791869173
741276856
740498536
117683527
718759089
728326082
116043455
702256112
716006643
703925556
727543366
117550662
719403557
116801018
113098916
745746914
708405638
718219456
793959469
746816619
748546134
759517154
706027392
116789460
791162607
791234635
111346943
729015312
718244561
746201024
795896194
729811613
746227425
794996296
711241568
769557044
703457046
759946894
791380699
115373939
758235892
112997756
714219361
117617971
117978125
115642933
759599393
769713584
116406306
793799035
793032349
757542389
797164609
116776751
705864571
791707425
115249424
792894275
728808331
742114869
718447372
724916964
113626692
759351093
740374557
791449910
797359606
748412604
716103452
742522888
718466596
113714370
710732814
795941349
759395941
743924864
793979084
110542705
718878396
759544109
716220678
112147384
718293233
710898184
797709619
718855607
758137673
715806786
716709196
769220240
757768040
797441385
117710961
745713685
793804759
706023989
768562647
116384570
740809881
757183375
718693485
790228074
769602138
727435931
740612739
746676521
116410788
715344125
748847491
743229826
797550261
790092540
769311835
711536730
723101774
757101568
706932612
743701359
757003062
759387514
795131481
708362934
707820108
114540935
740102344
742912308
793974795
710615310
746452958
745898171
741596815
796681589
757883215
726530237
116831561
799751897
701678067
113092135
725048022
742897788
724944874
741349077
743394678
745245212
743069878
741377085
793585210
116536678
724632041
115218657
112083292
757688908
757081147
740065692
113094710
790823656
720448340
115367774
745479124
116698198
718577661
114585614
719215869
759741946
740399041
703204296
727796720
724130131
708963679
741471286
117799976
716336524
116624563
742797353
746082414
768129941
792003260
798083045
799603758
759956874
741607865
116974527
759716871
742715693
745563359
768414971
116827147
702604819
112147265
797347885
116805748
113393702
711855215
794275885
706344176
759514806
708928946
705897010
746125779
711179470
112560569
745736964
710421848
746459406
791852213
728684186
742081235
717525503
791648728
795893594
725649155
707124748
707206087
713246105
116638456
795930134
791509455
710124612
745684393
796525986
740626213
746304983
712308434
768938157
748810541
748274477
790683467
714045393
793573968
715487259
711327829
758688523
757256596
111321888
743304602
745875606
712813926
792723401
719292705
743038894
746256305
758753021
794175271
113222580
117578236
743980805
718943188
729649560
792378460
797918310
748783709
769348791
113839002
759336056
796809124
116681401
116904618
758465014
711136937
703839734
707189600
742773204
702908950
796156553
792331965
715631029
116602544
742019251
114129814
795312298
746957325
700618344
111457396
768947090
114611385
757209795
116589653
769408096
796838291
117980035
759267408
746967126
718530345
117668090
702525640
743083781
792669548
701273455
116943178
707428178
117488240
117755881
758061995
746726170
711458294
796162172
715348932
796216974
745579569
116993434
710187548
713297841
713016327
768551048
797695067
745552300
748306594
740790668
718426378
703946363
116708020
740036449
704178782
729904849
116961094
740534790
741763084
745968389
740710618
724630312
792071661
796122587
769139470
716265204
715698130
759086056
717642055
740780948
723492058
702672089
708609382
116785524
790454773
718130867
799434377
117594543
742871889
708014895
759281902
725344962
707537258
794656579
791263695
115865332
797267424
746653307
728044353
768333762
796233447
758553477
748954312
759012105
729250887
719246791
743238229
701424386
793743525
703164741
705391082
706029694
703717239
110778706
790716740
745725231
111455548
707263849
111318292
720953465
748951326
726364526
708058957
705995867
740431131
757509286
758682691
112362334
768293342
725774528
113102740
790877219
117492593
117485998
727032843
710409607
768327902
740887490
116822528
793984364
748425666
757152369
116489509
713476773
114078123
795801849
769126323
714532493
706889516
728113879
729102811
715216526
743474905
116425726
759015292
791294768
703773753
703910756
117567789
792069861
710845985
795740932
743528594
792816526
743661445
768581733
717761045
718955843
757106664
713447355
717520972
714399692
117454352
112933468
797311785
717781665
117421949
759376831
716238646
742090855
114851753
707792911
746512979
757265309
759775698
768889720
705530988
708781335
743964108
116954926
116008197
115361913
713013862
710559825
116145381
117262446
116754200
726251494
116547372
759380665
117667509
702975090
117687819
702426859
742301247
723213961
743619728
791678466
113272509
701649644
116941233
116853706
114974176
768385865
117545768
740271662
790526865
111383890
116756893
715943739
114836006
742996824
710324830
712899642
794242650
759412072
700584329
742424559
798181095
791979288
117769914
769218630
111773068
717950687
112658713
116701818
795225411
792201693
745421146
115968587
791747749
112298792
793486251
790403546
116930163
719241061
795050904
791267909
717995139
116533015
741952432
745139829
768003528
117748053
112891528
701786259
703309181
708662407
729322868
725644965
791885079
759403707
740355107
116955587
740991298
117647517
793772190
727297487
748341494
713263474
713169507
713700862
769093552
116131658
115234452
702722817
728747584
714637369
791983139
113962757
792182631
769249327
794341379
796093822
703834521
740707079
700376674
114897807
114513334
745684818
701641147
707762385
720899730
116852263
768291880
724917071
797451823
114447018
718839942
113926945
721515963
721102438
748696178
793946758
792173880
745200367
115658677
791673157
706565758
707952297
759082384
116713546
700412445
725829934
769158314
117724529
712201857
705658808
707939568
745048814
740130318
708811486
117414505
746383811
116494599
795038294
748359152
711346296
715725104
724881062
708812625
712870569
721144003
725912957
719296938
714672547
701078527
116898829
759560962
715270686
792228946
768138546
115771423
769820879
790651945
728804552
719334129
707925803
791326775
111481932
111966275
703264066
702131572
793561581
748652151
758129768
705850160
708040079
740968142
759042917
790951522
712463147
721406831
741324257
116496807
114977096
792442432
790618067
746509045
702588142
748514670
769873057
113860573
724225287
769916475
708047162
798825280
716536183
759560138
114947901
707364664
116478384
711985641
708415993
768664566
116897780
113891490
706639875
797822108
114346616
740359162
748522720
769356739
727646744
757986052
716440552
715398086
708138274
701276490
790516164
759259249
111925708
790526561
746710832
791709975
769023402
757447268
797314178
794650401
717806214
727358581
116869684
717940122
702016978
717676051
115038412
116563722
742856627
116805445
796081595
705149289
745563668
116075105
745077545
112641315
113421116
705726613
748578299
742038162
117641199
759190358
712546311
792480121
115862236
758344704
719438602
720412177
726153268
799667814
743608861
791287860
794738117
726869238
703581476
743474920
791826348
746393133
769633362
702430413
791934409
791352826
714425365
791064323
793816173
793658058
791163575
794445613
719414072
707851167
110782791
721737901
711153172
115628820
797722749
111254347
703247671
703353896
740227704
718218964
798071858
758231480
115837108
713250934
716139460
722615274
706291030
116786484
113254841
712755466
704579446
797880847
742097952
718329887
798103484
712821520
115818872
740283152
113859138
713679556
711473282
758959542
728131418
708762809
757458782
748018465
116876268
759758728
116781864
790391650
723361107
794043670
799213455
727213594
708132460
708859236
113434820
792390154
114291201
718154511
701441504
758962183
700882531
726938649
110593042
759151753
711759711
112226284
741551760
794975883
792182571
791331455
112669841
797214696
792582765
797976293
116178147
726959284
741894585
110639018
712029158
702739519
116950990
114106817
790192757
717436675
117528769
701692623
742791535
715602093
708091831
797888950
758947144
713665409
112856599
758305335
748785457
769215110
792510135
713616080
113179984
112517364
715193714
799685128
746674989
799307092
743934453
745721948
796831907
768199468
792780376
711916537
115309463
758670645
112340843
796771972
116999195
746344998
748291319
793680849
111595276
792129455
717695124
713653817
745567932
769317398
792517522
712434150
792408591
114735192
741097502
790294361
703173187
116559175
742845103
717397572
725446711
794404872
759450990
769626830
703333810
717140833
112641010
745094125
708610150
711483652
746231721
705758484
746472208
794558373
768963634
707435608
790944490
116656196
116663921
706145563
718870389
708534277
112546244
798258653
743039588
794046079
794409448
703880929
113296376
791317899
740316923
112760708
718306260
702999667
115737538
769060231
713274987
114689185
701314026
724685150
797163641
116898674
710999185
769789720
714587583
790588442
705400381
768617625
798016351
741895704
706736209
794090059
716796075
702652444
768103785
791615470
757354229
111605550
116662813
721426275
701634276
703730857
707325404
790829900
798055588
111358648
708987539
708187686
708042603
741747046
111499294
723583463
758020828
113448463
795528592
719672582
717712298
708245746
721383978
718762347
708870153
769257955
707416336
758739772
746551468
708021550
720851273
795628588
116498306
792876830
117690428
759856745
711713142
716537808
790874955
758117940
797745784
111969277
745981349
797597108
795379485
757936871
759469707
115507997
703984805
710661226
743398785
748008139
758733141
793017644
748203999
796211554
704267413
759454704
114791737
743911509
117742613
718220456
700531346
701529114
745826195
793571598
769397561
769713237
727034981
740419455
116954634
748823044
116771923
729816590
768151350
116339958
743411209
710949183
117252544
700937466
790072880
113357017
790871172
116975519
741691828
703446704
117020770
758464961
769672114
706903263
706035952
723675186
116771795
748938690
799118411
704399943
719559958
768636706
707661779
758259886
790936127
759734177
748476490
112106543
794402630
791414345
740510001
758240192
790938640
715483719
797050678
112280492
710352370
112959458
703140920
790337019
740231551
704172818
795110702
111914692
114081790
745907614
116910859
718032995
769646017
746798230
758040633
741203279
798894689
795005181
117726714
795371803
116621086
112830234
710249057
715480109
116855002
116366333
748896187
797632771
795416597
799756388
110991814
748829114
743146487
116810336
710856218
758964766
743214093
712259520
746877761
748880535
741401190
708936489
794492997
790444938
757624265
716471954
112199902
757785674
700542596
795804393
703255287
708664406
794206168
791915313
795161577
799271973
116927420
746958136
718931072
714432531
793286211
114633437
795525421
793577640
741524024
768629439
114185795
794768022
714354718
799230615
715550040
740156420
116686629
742402864
793679958
722317328
794510578
743127922
705762746
705083182
705292545
791409789
704768933
795219683
742966316
746569441
713940208
796425437
797275057
792249370
798690953
790493276
719620239
700027603
714897501
748922907
746587198
700726128
116887356
702600155
792245375
710760874
115506702
791798938
740887260
790933491
757367045
757151898
116152634
116476289
746879770
793541379
758044607
707183378
791738324
795787139
701466336
745278577
746986203
701834067
705341798
720892543
708090300
758480183
742967114
713710776
768458026
115791657
117757425
110979072
768961869
708214739
796149563
797646218
706050937
113071753
745382110
769691860
713493006
116676537
758123857
797518645
798428754
112789738
746962547
741729982
116082234
117766283
718971393
796951570
769698093
708869537
758093234
718628836
708364984
708248807
718037730
793945870
794889613
757133614
743469559
759500953
768998278
794400975
790141172
706931328
700564981
702462874
791978116
703900582
758076693
723804017
116882147
717691642
799019421
701798996
716951432
742851900
743260744
746704336
793382145
795182817
111545130
707584673
794902497
740642768
726005083
759811576
748355924
708098418
759687802
708118269
113966999
757572496
758991309
116894757
758052126
795572512
794043728
746091889
741226773
758017703
769749783
757492123
748213551
729431078
110651708
729311908
718406489
741062537
769889147
719608814
757822812
792153319
113332473
113805350
115381273
745255758
705645173
759650474
704814824
742221820
790854193
757830767
113295547
716759487
700522607
746293594
768094137
741426189
700118768
713471932
757266497
748460992
769495793
114596148
708223990
113692681
798194369
712276419
796859839
710713161
113235956
725071540
711944035
745952086
704072043
768163144
768114302
715036881
715342187
717665737
745352120
714645529
790293604
758520655
701725603
719507933
793490599
114046414
728385834
799398306
790254005
113765700
113604117
722493274
706312977
799286992
724647525
727572845
710484683
743822947
117179084
793997853
116844596
799245723
769548749
741685743
113113899
725359653
798460288
768377587
116897539
796504228
746308267
790823415
711630200
740948064
718920428
712691727
758155418
112911406
790485543
757507262
116478036
717526113
713881075
797897504
701977608
757662331
768549913
702981458
742406159
727993867
769579059
705408729
114246737
759570418
115395916
798826610
797550164
769371609
790452579
791496580
758526039
711205669
757500490
716383571
708898597
117593793
790818284
112870962
796206859
791905305
708176502
794031618
708069587
116711788
796354122
793323694
723809067
758703226
713874386
706832571
769747464
116463207
757509383
757350910
701321882
743236586
795707167
790921016
712608281
740177454
741247245
719864314
795639370
116762960
708010188
797691740
705272671
799867782
117013026
116671177
700197125
717699483
741380691
759815924
768710228
741495142
702191693
705472765
769809112
768302853
790129297
110582847
115302195
743741205
714854103
797883548
711703263
116921594
707237335
758196460
746892387
116528911
791997786
117221869
708571729
712342934
798975208
706245592
700636982
797538198
700061714
758928511
712378411
703271509
743467390
116458809
743360228
727170334
725212637
113612293
743768935
115967265
707930397
710826809
116795159
111685469
799470862
742361611
111816627
701279774
740899009
727242358
710637208
728016929
702728516
793687013
794593189
708730433
743111269
707670831
714052297
794048145
759541947
742559251
791808741
793280933
746946284
114977211
792035349
723596102
116746925
702395950
711964219
117970471
792295732
113858718
718748196
116772945
113971027
112521893
716943941
713257091
710700618
748723854
740151734
729382658
116818854
110659797
797482398
721845786
741613551
706938295
745434040
796523922
758042847
707291660
117665611
794197486
745383612
702957324
790726224
792159406
748679931
116986172
748338049
707830727
768428747
703763380
111946016
116934539
117695679
116858834
742457898
704560537
706409224
706805801
769163353
748621281
796697521
745004547
116553164
117741942
740540175
796684533
719472396
717912836
792008045
748993118
707877428
705358041
791315116
117689134
759450133
725681995
797957125
791195213
117763574
793678644
710371905
704238911
701129604
769333048
117445488
701341195
713463910
702578021
745997534
114393099
796832376
793782008
117701048
746162938
743729925
114045090
116768056
713230011
794431549
714371092
769237693
715638687
727744576
708070092
116817370
716965014
725140265
790394681
794906447
799524526
759948623
707094246
745428117
113027213
111497685
748286162
791827817
727912805
795521639
713234595
712345037
704441810
727790414
725847999
746974582
759832042
740128336
112759186
740105695
793033972
701718775
769215934
113454728
700785401
116783819
742565712
745037985
794736110
708278196
794382348
768458843
797738175
702240899
111836781
720600887
707309279
768813527
706076497
115672851
768988018
792783727
792987479
711998779
726595637
117707089
708844995
710790361
768049760
721297396
758939287
757903676
743374506
791759261
743113615
793937031
768352183
113757986
790336117
745116762
711561233
798016443
799055127
116682697
757725493
797468803
799185601
797145701
791574954
742815578
758871447
768749872
757041184
704540110
708985601
723133637
708642974
797462628
792549663
742796302
710522025
116806588
794643254
712804161
117680123
790197211
712598991
705128661
111432307
116904194
759863684
112445736
714365219
701944455
717867148
114378633
112749298
720554104
799669722
116597367
713952741
729595735
702811063
115272738
792058335
758327984
758875769
717372741
759876131
704261407
758597894
742940240
701577541
791253790
741751463
725272684
114624841
711715699
710758017
742766949
741584859
769957071
114343362
705892914
716402649
706315991
717346260
703366316
113165660
704660204
757879482
114108837
748196952
757648228
112701398
701249276
715855924
116560031
111589267
748792784
116733446
748273710
798692390
797789449
796143937
799409880
745947499
757583100
793278734
111835897
112062349
758258794
768878815
116664526
707376388
116961789
702495296
757571721
112865377
718380604
703762458
116569423
768993874
704461273
791694773
715050390
111993187
703191938
791561062
757496701
794915478
707443112
790398567
115054647
741671817
116973961
759986429
798824346
113335606
742393672
743760804
742591799
746725356
742262870
116808738
745848158
746909687
115403995
706727096
715738346
715573912
768620542
790968544
748394480
719503277
707790743
725475627
718297646
741586652
797079161
757828191
112190874
707415830
705683099
112642023
742904253
748697514
768610438
708525501
746821257
705799533
798060324
717759465
117766669
116648079
796752264
741496159
769181350
727589783
742401563
116945121
704891862
794264281
116517634
710920893
707331667
116682599
708890613
113611791
116444940
758090148
757644821
703625860
742264596
114893196
795991015
757962301
707655907
115932537
112962945
115272865
793459517
714860780
724967607
796097865
748783203
769992576
799233488
704254090
758589804
712025865
746176562
700468268
742319004
723406296
729897268
110885351
711814172
705346853
757829935
710323167
112895298
714763281
792358774
746079598
720723265
742199516
742412603
726139378
795925208
711882810
740550533
742769014
748071464
758906995
116727029
117220549
708640532
717573311
741442610
713521410
793948814
114096927
117644261
741099872
724833783
745851749
798706714
701783995
790923197
116519150
742449784
724387005
714379463
790975849
711519128
714683805
116921841
705789602
112408445
740559263
743625412
794028260
712322289
742243089
702448301
757078331
702969829
794882758
758551752
711702579
707665869
117040369
799183628
116514812
718683444
768800576
113805207
745770332
725469629
717442548
117539619
116843921
769194737
714350134
115922818
798593129
759557653
743619329
113207842
793578752
705492931
718303276
795837942
746271720
708506726
745552812
116717586
799319282
794706609
748376559
746639878
707804159
708439401
724899066
715035136
759751524
769835388
796748304
759790978
701768090
742515143
746665761
718281256
704239795
742838723
791728355
725646963
743152381
117538932
116831523
721165249
725232595
116063624
757963986
793958863
112532815
757927018
110775207
790211691
768424402
748935829
117682487
116634309
797423298
748488435
724346674
794819877
702379153
759047707
115214179
715829617
746523157
742171519
723622403
748015865
748960314
742829927
798034036
743579945
715906132
741418252
714755491
705751773
701232709
711655032
115409462
707681859
742942850
116505275
716239028
116942893
793771173
702953085
702171409
798838055
758861291
769539725
748397901
704338884
758542816
729693528
796577582
701254915
112444325
794118385
790343808
116780037
793032745
703912676
790298690
116589242
797369704
720048337
792292763
711983558
116765427
112964348
799079328
719680434
116993405
742471591
117426649
740584416
717311125
718490263
742078545
795138407
112599352
713753239
718652642
117747694
757345745
715085826
116467543
790887172
791803971
745272132
701950575
797229408
114928601
113810976
746641726
790648376
717870365
700642275
798083735
743317604
768278615
716247925
745533820
793283839
705434192
797709394
719249352
792536093
768575468
799286550
742232170
757617021
748257168
712867684
710813940
702811852
116965873
799379874
704612801
748755081
706394074
742969519
712212779
795994078
723108804
741762584
706662943
790349619
714519412
758745275
757369731
745517311
741124033
703494830
702681853
710706385
717115091
769254172
743763635
758664296
116929228
702285309
799279913
708603519
112298179
702869294
116069163
725377808
740696706
115263149
700399805
791972996
112303593
728561035
791282259
710982197
117188907
790612895
116959946
725213458
112198541
790354429
116964708
711181294
116974593
799961728
703754058
729124108
711708396
114054866
748485776
117620891
793407694
700443687
768053650
114490924
702369152
113497482
794827923
710245686
707638762
794661861
793981773
793394119
702885833
794307355
705246538
706344273
758641614
720460819
700385941
768429706
703145502
741898413
794571435
797604895
759219741
746944658
702601789
718418339
748605844
758999220
701161933
117598281
710413068
741672407
741892919
705784021
111803081
116818177
759873667
740857334
794158373
797332172
796554109
741975159
740843571
798209779
117758853
713548398
701101899
116420941
700787099
759476178
797531691
710604885
746543610
116006252
704768354
740940944
707018955
116018680
740578823
790956691
790870293
740286078
797238373
117677706
115863021
745935664
796480270
795217545
757624297
705757744
759048635
757624735
768052453
707794321
746235381
793328211
716691349
768032699
769102896
759529406
741095751
746706318
745125075
702266535
795987096
792424917
759077891
768731567
795152353
707649264
700461374
708445542
797069695
793807044
116647078
704314543
708494684
116425916
748829372
758043933
111339775
743717893
111662559
740875209
704601617
769731726
748871836
768631623
702432125
790608708
705241318
117729580
713586597
746210643
759607480
116995691
713882682
740645110
745866190
708283049
795881570
117708630
116230680
748119194
115993758
112268725
113839675
745349470
705150223
726994080
719882596
748931602
116493913
703665381
727728567
116302035
757259943
796110932
702964746
116686564
114268780
702433621
116966487
701827859
116773708
790877581
704699826
117538335
758345844
798688672
113850438
768384967
110688379
714816127
701122671
758185878
114590044
748613474
724924341
708502721
759416506
746236795
112083502
117278011
115055337
117285335
792666375
794612777
116759979
111678837
796884027
112832330
702910316
712826380
743775341
715757483
769133518
742313085
794008046
719872393
769501377
748281832
746843295
718931905
110973420
796450626
116779292
795310195
794182480
717051378
110518783
791004172
706860195
748303053
711838671
795190455
769750936
718598251
111674720
708941555
768833845
798228455
798774248
708152328
757424869
704450838
114942348
113258541
110759435
716012397
704036715
725024879
792243127
727939321
741698902
711925254
768067840
795153911
113953855
714845271
768079306
790603907
116938539
114120208
794329336
704067192
791925838
115148835
768832659
705713246
114415283
726048680
116963906
116695857
793953576
741935303
114452005
116968231
757799713
748466335
768491972
720399215
758553139
112615307
745693987
740438357
797997688
726494810
112299809
769755053
792224395
799107568
728146867
794330859
759306353
704218471
758614287
792623755
720551879
707216655
799166305
705422933
745705506
717576156
727208232
116319795
702349686
725361520
746574637
710103799
792495861
759609961
748539590
799282564
758124101
724472320
112143247
116876869
116720979
793818404
708527304
796752765
715245176
741508864
796169635
115475818
116538201
117650349
701792310
715165167
792449059
708604028
115481151
729255541
728754608
713998780
116972973
743027915
724124163
113620384
711531770
795792141
714782775
117689372
745964901
743844506
720481763
111410265
116852820
116186336
796455148
793522794
718575893
757646540
791402589
727090643
768063617
768895057
769335983
719424183
792417698
110758287
758092686
794657448
112891398
793458727
714156748
791334427
701464171
714787572
792403715
795841406
791353049
112699730
116746416
768778308
743119396
742697034
715515837
758210542
724173558
116963356
715423885
701329129
116885962
712351025
792484594
741245933
745249823
718043630
117683089
746841572
112624733
798146294
792677092
748022558
704083181
759121418
721324728
110982173
768984660
111917115
792867923
701549145
724650753
708462933
794639669
742335656
708386443
703735280
706238789
703199458
790114606
797488648
723221338
116003500
113339638
116481446
116663240
711246175
746943163
741773517
791341043
796039175
707047131
768078638
794659625
116948001
794535489
791556351
723022090
723165396
715579001
726825384
704225581
714704439
792646282
793825636
768461690
798691860
748155706
715838967
703552560
759138945
111665954
758180635
112475163
729130868
768481113
114302211
795311737
113625917
796950190
716067558
793008902
745928367
116437277
117705972
116584964
729562389
116404341
115911097
741866531
706279315
796131649
769877157
114359355
769245080
797206698
113599102
702647945
726936568
795915825
719523405
742352642
116784576
702381598
710995025
717712807
758796743
748179367
728008790
116941539
700917368
745611843
716413627
716383426
795672687
796554068
715465345
706474672
717396512
759679464
714450922
704678798
116772168
110686614
724208545
745484119
794394185
769094484
706670384
706566794
729598056
704249109
710269729
725476750
758779505
745915960
758521370
745038396
718567082
758659835
790333879
715626237
795990813
795064582
797156430
112663804
111473499
795035972
758249088
758338012
797728240
116981172
116712345
745159834
719781131
116785445
704524739
716104535
703758317
742876682
791957069
715732012
748796155
759435567
116780627
758438316
716732674
116715053
796240785
757774396
757250984
116831232
728828723
728489321
715281196
700079629
758036048
116773601
724289037
115804931
116822796
769413993
745705197
727683877
116864613
725436148
745030006
700719357
113377820
717465057
708717907
793876400
741775215
701997369
116513107
721152102
793764074
742238521
758421412
703319131
705252320
746884340
746896678
710485618
116336203
799494746
713645222
741087976
112783132
791323035
746614538
795164691
112527270
116972683
758926562
705975946
758436844
748775506
110156496
721564247
740872122
115445715
769667901
707940310
748734827
701325960
713281191
795181403
740751183
708096509
723289531
729756709
743839161
704607734
701917727
117698826
112823971
700384865
798974268
113707006
768004969
113169592
114366028
715609957
759921982
716296024
701377473
748815125
705517960
116963966
112807468
799469216
729107359
116686705
724465839
746261208
708062825
792734741
743712710
719690223
799598599
117541065
718334570
757304709
717626243
795096970
719256706
799258764
707124847
116535020
112609743
707179412
700764563
713661694
116479673
769702794
743436338
757493449
799036419
706448937
768443519
726459200
745367524
794201090
707668005
748241417
708373590
704561963
114567233
710638502
794547553
113940698
708416246
745263964
700839869
768312186
705458328
713642016
116973765
719387093
791587973
704581950
708168241
797871758
769125926
740543344
713105684
710811896
717614695
700245337
748516123
706678602
116783305
748253979
711617709
713641497
701312573
748289353
717949135
116660281
729281942
748115762
769937560
725485788
790050472
713966214
791322152
707839018
705508841
716864821
729995481
746577906
114694226
794616100
757180025
702146799
703400872
797146428
116791344
758623570
116544986
728146284
116978916
794003465
701340595
715896712
768220144
725120698
700786562
768348457
798346028
703454718
116806965
110767805
728257893
728309323
717743131
794245713
745546434
704140703
791032623
705526540
113101635
704564900
757588668
117425085
117730392
116460087
797420875
113417006
743497235
746807935
715854813
769397856
758779289
116460577
768997384
115043701
793552315
708609818
702003485
702009364
795760645
769393006
723729609
708646096
718643113
790298669
759772412
725395679
722594085
706726346
748190891
792522455
729105581
704021327
728587272
746143330
740961518
726378797
741725489
768720679
793266489
717327145
757676542
759817037
769905271
740134642
719689186
796422189
702079234
716143551
705590812
711942763
714419156
116877235
719883261
769734291
790816054
712541562
795019645
706804846
704184882
713425900
793284033
748838511
729841168
769085623
711387051
746850502
790258367
113388937
710143398
702067200
111789749
116898947
790003430
746863452
111349745
745208353
718150076
797238065
714811281
704584976
713874391
798843017
794446194
790019876
795358345
708749230
757590281
723995509
793024584
720472708
717076714
793902067
745393188
743891389
702970913
700866896
743893605
116136236
708849025
759537881
716037734
705659345
718019570
116853804
704162723
708633415
719894255
708814597
711752474
113509105
794457748
792901681
742594457
757528209
795615232
791572802
759195435
712133704
115656707
743522464
708704855
768061281
701345816
768282829
116732724
743073580
723173540
707763981
791693448
746624258
799887594
116912941
718398651
116772418
117360193
758878082
116248872
746395738
715060182
113632726
725569181
768479210
116572112
745414477
743587707
748934921
708538867
794592687
768496216
115158635
716082738
769299151
790393004
711953743
743925375
740927452
112848529
116802639
717274950
110869942
742778523
707234011
793513180
793607439
116187398
712045862
769187429
715112865
745986842
745019210
745553214
758116399
725636434
714406211
711875965
706293236
742074304
743321698
111861970
116772960
729614445
794502932
757152962
793629015
746976872
743639914
113355274
715602451
758180379
116822609
740717544
769022669
746382308
117680520
729681774
718993343
715709316
700115071
745551593
719492695
724247909
745998418
705059843
769874489
704954373
757893719
768382801
728470491
706284039
748599512
713146948
798282327
743946417
712058179
769273464
797102569
710458235
790883218
796039065
706811876
112421265
712468217
706905317
746054396
759184049
748092009
112056746
727041224
711336018
795325498
702018988
711525087
706632453
718809770
792319152
710798095
768557007
746191233
724254235
746415707
716749409
792629748
792566549
742671031
740016831
794400983
758243319
791367413
726707376
700861735
714609997
708956338
745856987
115840754
714603155
711724565
703274687
758164046
116779881
757334149
769553010
791732517
113891499
115163889
718803652
799018546
746511392
116496161
704977832
710428519
725235120
743259145
791055631
702708373
116292504
729122052
794762962
116280143
725498202
792035947
791505394
791489138
759055403
706489897
790776407
705863602
114275138
741645325
759439575
716883435
710495811
729494025
726826415
759469839
759878952
791672054
706703836
757126870
702445826
746740685
708349573
708491087
705722586
701995390
724319359
704610378
743578756
768946496
114893574
702160788
110689735
741687450
116215482
725495295
721522653
715235588
746166538
702706370
705164871
705185053
116872561
791043703
799441965
790620295
759204549
116170209
725101009
759039907
117680119
725547932
116795996
729060273
707488940
769797920
702491526
757380998
116960973
116657621
111955907
719595746
711821012
769529313
740271867
701749388
113740653
742645836
746657519
117400669
704647642
741382315
797532951
728051789
742138017
706217816
790020970
113875236
702589074
116764839
116665943
748947329
724845102
741038692
704246765
725178227
768913186
116601172
742978528
793831936
795762813
116795043
707497905
707967595
757608802
706574572
797534639
741152120
704600124
721876042
115809161
705949029
708549388
758525376
111896893
741764679
117757248
711770720
712117235
794578375
115959491
790247826
790538985
116915273
759658449
711124099
741738584
112511942
710370287
707250306
726882791
700057124
116654083
769845197
790182563
718118648
701432191
705296020
720805970
796807587
716782542
728695655
718625896
796602618
758477154
116892541
701908418
742529152
117527840
707157853
704870432
117491768
702078374
797881738
113843027
116575802
790295114
710956752
116897987
711559652
116880900
116603739
725407660
116925125
116923469
746230618
792623143
116922553
114044202
116790486
794313511
745335090
796984699
746063194
712680148
746008521
792730513
117540246
116897868
116949152
116700343
745863907
701512162
710754941
112873325
743942199
793371301
746434519
768848147
703357369
700195084
742830562
768774529
726160795
791477724
111865438
741046802
715592853
745523895
115544004
116934092
724071419
117459108
743437269
793053861
116573754
748823976
745430310
746259837
112469742
113532820
717816805
740447209
705472058
793787194
795605258
707867005
116587596
114034690
758722907
707880652
703384492
714858243
740697467
742226285
708915178
795979285
117508138
759790585
703489251
758698730
718290492
705790902
729073857
743851162
799288391
758008536
792801150
115957249
117985466
705457928
743443139
794251640
719516155
742917649
116616952
112437924
799633528
116545664
799365402
729024214
725634500
717416392
712724753
759703786
740514368
702121753
742253871
748161418
799313471
746084075
703850822
758579275
768812865
707949670
723804742
799719739
714757437
703280794
718387345
710928032
757015089
726956604
799542926
746225356
712624833
718408081
111480474
748463715
757495302
758193307
703710289
768280591
116074594
708084425
794099094
746993457
705654520
799644765
725509593
757849959
742072739
710634904
715590905
768634049
799658961
742943997
714710605
703608454
116642403
112316230
718371388
712291824
704412706
115577484
713755900
759126001
768840508
116730445
769286908
717696042
758254269
768778922
719202491
795818050
724781913
799290174
742221881
706432890
742734980
116772984
757644631
799579467
114103358
707571238
117046277
712194876
714565029
769529390
701326000
707738534
712819752
759177867
714560471
113685583
115320645
714485681
704851426
724543519
742214335
748122046
745834197
740926635
116539786
797920342
794167254
710115388
116953372
704521398
769567845
793279830
116607784
117669223
757790348
117579462
113466453
116458932
111569537
116831190
792719656
718063891
794017566
769750682
740026083
718157967
746031815
729693706
769279575
701238069
704424435
795043863
711673309
757454127
115477116
797671143
701565245
707056328
794369464
116750643
117425164
714947241
711191989
748969158
795107747
718596167
708301016
793546251
724178204
796587850
717244038
715502118
724419498
702354336
710724038
717897427
116931853
721139406
748718152
743086490
718897205
116977891
792417792
717064431
758047242
116658683
742737026
748486542
714954619
799628345
792867168
116626148
114430691
768720576
769370410
798554139
705065418
713873690
701213451
116883457
701481910
741411242
724141476
741763315
796976811
115301202
116696501
710637090
710231660
708200448
112253192
790575913
758377026
741593937
727396656
116816212
114656224
116969409
799992017
702163692
708907548
117444063
743806337
794620959
701462189
742064368
706848507
740589889
741135809
759477050
710670542
717049537
715945551
713827561
725436981
743709042
712895719
748356938
759213740
792736765
741596128
110024691
769320492
742165967
702395474
799387535
116534155
715621249
748621721
116801628
113614857
794170966
759780710
794570150
795047640
748837202
796634327
707428396
116595567
741296305
115623306
740342290
791015531
117595683
742828039
703288457
701545164
742776302
743793943
725532569
113659011
768710450
791414885
792473346
700919598
769606429
746012664
759757745
758690965
745932634
707573670
742678939
740795833
768402303
721555890
746629264
701624932
711327049
745607023
746423747
114334031
758780959
743837229
717395363
702626086
793716594
769999765
700891782
116647681
759652186
712152982
719116272
116702806
704607383
116969460
112484401
742951210
797393878
705010263
790329026
716914219
111673064
700658609
748497853
703386403
116873317
116698235
798942913
716838957
793750405
757062547
759954561
705202467
746199064
710704548
117691053
116576311
112190977
111449164
117586218
758018514
110929775
701219688
700830192
795129863
113282837
703351940
793466763
746380962
740620682
758673943
112587213
795351051
717727628
745767244
741119764
748583133
708697452
729455846
112302668
791664763
723708185
790288742
793862691
743372728
795025792
743389290
117682893
113708017
758909853
746019337
791858605
116814137
702229127
745046738
746498046
113069361
702088960
717079647
116470461
116731184
719151021
758104713
769654873
113320854
791795728
114954096
759895038
705016626
116445394
712592622
748474917
790431056
746152164
790531186
717981652
741651938
768775310
112106219
117365826
700551256
795291064
700531123
745736587
711181672
116045903
112343722
742625398
116766373
798033078
758070682
799081460
748580174
799005701
710830148
797974163
746052258
717113893
117715893
113444976
113872094
116971694
112480090
793074394
743383253
716074107
769068346
116653901
712466349
758750957
742363742
794314576
740407947
723309201
707719927
740697391
790628553
114190535
712799304
794413469
759427676
724762742
748372454
719714509
723670827
116805488
768108734
793534618
712948147
117284831
116767335
116020485
114100485
743016821
717665219
745304057
702133915
758521544
757568070
797667306
798852682
701928937
701913457
728843351
790619365
759949224
796940720
759312818
712763114
743993756
769360957
743348659
795871254
114775258
741954695
743261156
117430362
112617230
724318326
110526635
742628488
713174064
740234514
708458731
718248517
701889554
740629048
721949880
116476009
768932813
113846426
741393075
741447186
700920314
713983642
112997350
703523898
114038602
116487943
741063421
716432143
791563581
791287464
757832743
741310558
791999383
745987936
716691887
116770463
717635597
116730680
719545546
746168932
759419505
705341308
759045460
716591750
715432837
768077218
797752395
707354027
745108072
792299394
114726602
111411766
707461105
792238418
759423824
116985142
704174196
705451390
790165486
715483667
790290602
712650190
768008099
116738119
726119424
113680917
701491148
116019717
768855837
708868397
704857302
714465905
728386271
713210530
116542420
742930640
718371594
793320596
741014158
757296850
795442403
116771749
794352947
748921469
790006094
745452735
792684309
117478009
795363404
796495017
743602068
799283629
114158327
745449849
797943797
701468334
748427516
769974283
796010562
701533378
798925698
797458072
712925978
701501687
710453057
798294967
700761742
705969216
715552777
748737180
714083876
117504671
729114021
116677590
794351320
745479655
705408718
708031231
795549867
708694392
714237088
115910641
702491865
768411271
741960776
114816941
722613980
111284081
117013581
795174309
701126898
723684565
792266945
759173606
116648293
729608251
711957645
742722252
705789433
706792571
712638965
727744952
710679687
703644662
758840107
702801334
748584329
727674084
117750141
798362442
793593865
116879273
116681959
793576437
116533688
792645717
705090823
710530792
794952880
796155631
714999432
768241940
706361902
729869912
116422743
712303236
714391480
790939405
718242549
798603261
112824473
790028972
793879148
794755726
757783297
757116327
796338054
115641657
795737917
700467417
711628240
717130512
702712489
743475587
117717584
116667538
116643452
117758205
798485474
742630205
794063390
791002952
715448490
113646574
757056179
791128250
741277823
790731245
742550487
112275269
742447759
742727238
759525876
758127593
799475884
768105484
793942737
117692204
111711441
793613175
759310782
758422595
741241031
790072395
116860182
759315862
746991468
795412817
705834539
745389986
701885718
757187539
759728267
799593773
705682831
705838428
790996524
116467888
713743419
710253427
793481716
768451051
113177663
790310572
769109020
723498610
703823806
117413858
769209819
723852228
716088149
743077288
720478094
713015782
745238338
711397518
726341384
742275319
758738650
113886705
725646087
116612390
701643557
720062164
114162110
746533182
758957205
792388430
723592439
700159082
113418598
794524056
726319357
701761651
794883109
113064585
768357738
722679687
797595814
116687664
113873957
706569161
742061269
116918924
795970598
712984749
113024632
706893824
713029303
799289209
758633374
799724661
116721549
708114550
115151435
714597338
745238398
795362478
116931890
768432762
705969924
717594398
768765376
712343672
746919427
726409152
768744127
742986096
746073057
768259996
719809793
711281651
116692715
743773288
797753782
116872928
715583266
768213122
704103367
717296624
704843763
759218293
743657470
117490441
793954300
116020529
701037557
746936720
769853503
715427100
743666965
113218748
117691045
769494628
790481462
703140534
792514368
702647169
705351367
743517720
769346011
117077567
748032516
743713853
707729785
758571291
758779392
799216773
116617019
707489484
757531480
798486429
718277892
743430945
117090463
743859271
114857681
702448539
740357847
791641940
791992807
114668318
792986012
703548321
768626812
759838833
793313942
113514625
706721379
727312780
729766391
728346747
115451122
725711396
116928474
705521569
726876818
769380676
712971197
799175940
792907763
116885832
748880790
712654115
741244803
792322865
113181780
741695571
746159849
113359087
741891807
797920872
116860803
718686093
117688214
708043907
757446829
757344095
740913788
117796573
799585735
758828241
758714808
792913612
716520175
742715312
742990586
716046890
116782054
115207608
741936752
713504367
795513908
703773112
704544816
757877052
790338601
741350115
113527511
114285097
768296187
745395276
791545546
115721445
704091367
746487854
748382968
791995958
117674299
748618438
117455638
706648792
742911858
741680424
116803885
759844183
768632937
111712627
743182028
740039662
116910363
117521112
110852471
757582739
796722443
758135647
790689976
706007072
790382787
793525424
117699821
112926335
113803819
117420328
111797182
741843972
705873468
707913892
746486167
794494387
114457265
798096417
705418424
794761485
740337294
708345073
710292979
748726033
712030137
790109815
796485804
116587892
740235070
115946369
792720736
700723391
758723438
703544309
795531260
799199395
716950753
745631481
114328917
708366694
718765124
116917834
790640507
110763783
797781976
768835681
705168119
707330284
705972347
797323162
759596454
704895158
707682915
708488069
743736278
113214802
746736038
716860279
708336809
741028098
720913958
740431375
708772258
705797234
794115001
741691963
116895727
790106865
722429594
790237224
712710536
724427964
793783891
768885045
116860758
743787492
793369242
797289778
769166273
745348482
116528968
745378618
729901579
793030235
769473813
113390495
741110736
117152843
116585339
705739019
112635173
728975687
727399243
797817743
117703420
746920448
792096958
748726072
116662739
710740967
116298751
704720164
791639495
758952106
795455367
729776365
714980154
743582484
702178791
116995771
713368689
743972606
768148749
798759185
757281734
708755915
759595837
708250658
798343938
726554192
768657912
795974370
724737020
797327830
741675030
759330416
703365328
758280545
794961545
712975830
741714435
719153666
706531509
797641923
794229205
758092407
116811906
117421930
757436285
701192531
704910476
116892919
713494944
768711746
116519946
712628469
746350847
790728857
703608062
795344689
769190151
794204980
711738613
114890741
716293511
702971317
717460891
718785100
758942349
700379782
795885794
116716483
799178949
706815916
743883384
700692285
719753157
702378449
705206841
758805494
742576545
707219687
794899109
719589980
705783873
113051940
799417576
791575773
110774589
768939729
769050731
710512900
706160525
794741374
741378093
707565187
759742436
795504666
748465951
718273521
796485483
116933810
701028692
712612678
712062857
117548657
718374612
791031374
707624347
112406369
757928955
116603435
707576951
116070595
113719996
705836994
769314937
797110134
794017084
793032019
769774164
729937753
708349710
707662153
708305140
700398956
702786436
705358462
794526532
114935127
703629830
792301856
111465058
117691892
748849867
708516794
711285141
746886916
725517760
703511789
791978492
792587395
740245939
713982657
768467498
716197707
757210755
794760846
791791511
705861351
115901609
769384909
710951925
792387188
717698754
117668884
725561763
117733058
798806945
702461289
768473172
712781290
796759993
799143672
743776325
110643633
712240567
794957933
769739152
111283659
708251660
711935741
746442214
116910829
769743985
116567381
792164627
746735245
725052285
717329958
722576854
113124207
704818440
743634097
116762574
726746439
114090840
746118958
717886048
796061878
742959246
115584479
116540950
768520261
794758427
758851466
769409048
715773098
112117434
796587551
791859338
745965912
748602056
795155949
768227649
793294604
712171158
769801829
745268026
116843029
714670134
708264498
702342316
706841768
759356997
704583945
705249845
704703961
759318701
114542426
796975225
757125316
111472547
745482523
768034024
117370313
113798072
704909473
798390723
790809874
713240767
701107364
748397402
798903173
724068191
116572200
116702032
742353802
712399465
116819153
743957628
701577761
710264528
707616715
705214545
114650952
718518958
710485911
708216363
726536051
745793094
715590279
711159745
711470171
799251867
758316081
717056344
743871621
796439656
702431397
768431509
724589971
746347335
113081395
112954129
740299494
758274086
719632764
725009524
743412654
116707142
795683079
116800241
719505695
742259933
719396370
757919225
794827475
711460970
794687186
791614733
759607236
795935754
713979468
799023983
712822074
726622186
705120834
112375069
702073247
791183511
717859259
116610553
115444725
704760613
741872891
116416078
742362821
724769150
796374504
740572253
712092604
757365069
746514614
799687751
797761468
743182730
718297464
711330608
791416937
708694670
702871360
717414879
112694628
769809496
116741458
796971059
117482138
797145942
740480268
759224775
790809163
748745106
116946192
758964273
708433590
769114679
796325255
110770310
713578562
790963082
769684371
116839380
790831667
700827062
728017424
768669176
797803441
758733422
702566142
116746173
113728780
794636293
759145248
704634384
700443548
790351433
711754340
718125713
741435479
711229047
115833642
701527727
115206652
718776132
704511570
116883557
768438440
799065125
116839365
116907615
114392897
718552819
792211345
795824728
758833897
748467685
794659022
719226013
757412912
113553924
742085592
707861912
708878081
799402519
707652436
718431073
748548720
715767522
724251092
746066186
745728211
793049511
718412303
703965806
748720649
719575632
794692420
716704006
757903318
768896818
706177800
797059883
742826207
116903916
116848410
741152901
768462131
114309594
726376324
799032064
759513020
114610967
701180403
769837374
117510930
724207623
796986874
794919038
705887599
742060340
721835299
797722836
111375546
703993443
768369392
705840704
117739056
718207219
790361841
713573621
793688538
717135425
798132434
796624934
746015323
714206048
712342482
116554689
719640662
706881304
746994924
713549916
790571563
113490748
705291628
758650736
728408776
798365786
115046608
796523290
797858613
768009492
116492979
117770217
711417622
718512171
116912639
768981485
113702973
117473448
701043896
707689240
795088525
720389308
114969116
792345735
117559563
707830033
792769301
791072713
116761133
708587801
746436808
769619003
117099226
746514849
746430699
758786086
705158155
703590220
792379405
792673393
743951934
708900407
791016918
700092974
718630608
718766143
111652246
746430379
759452085
758877594
705274847
116589079
741654853
768456596
707740478
792975538
712316583
790279661
796105621
792701279
796729962
757661290
714158448
116608061
741361792
741649498
759627513
703903331
758122855
717338319
703534867
712211506
746813842
758684340
790746983
758876713
712744613
791334532
748675470
707343021
768712375
758149356
746818549
757904949
116902359
702032171
708145645
702862766
116817653
759302685
729096223
769130015
707120235
702673932
793685278
758159362
715621150
768011218
795062735
711520482
769349247
112682834
114220819
727021506
758645524
798946323
719616024
707223158
758169896
741853261
743604450
759786917
748338923
792180345
114479967
793384333
742601741
727289428
793836615
794601059
708183576
790950465
717900893
716163628
790813751
706399351
729823326
791190366
725627860
758192235
798638073
748276062
758629752
757482181
716578552
790442888
768850711
714753069
794773867
116486009
740510214
116550003
740194987
116453994
116537921
708044459
745545039
116928824
116124273
116717764
796768212
742919120
710856930
797730195
701671154
794313309
796848841
716101499
708158310
117074861
742970469
797457871
116139028
724817953
742819507
700534559
799034659
707952909
116687503
758232021
741401798
757055804
116749000
748923937
791283287
117537735
717584392
740801553
745386819
757522162
794849405
797251327
745021978
798315049
116764703
115383260
799315280
740849405
796398883
718569341
117508921
768347383
712603930
117665948
114919062
117594375
716389531
757903213
705509380
114344902
768217975
116775248
799527615
116796971
729489487
116749100
711500676
707329740
117311641
794004814
700441309
799116861
792909928
791683732
718210639
116142676
741955118
706555917
718639235
790510848
757596165
700556572
712082549
758555423
798506089
117240824
768243611
117439459
742863793
116872417
794902418
748106044
757221868
708626531
115409091
711800609
746915566
115883749
745920394
792038851
714451356
719488187
112751360
757920584
114962533
704008953
117718159
757554093
705631533
702235445
117673670
794908979
798869236
703204787
742978692
797996609
797702082
743708350
792897546
115722496
758790512
758061010
792850346
723052794
710439615
718482437
740389319
721163085
112621211
797090948
716452391
793476903
707204293
792310425
116892520
791390567
113342745
708894009
112955373
748951033
718347184
112612810
702895477
748105948
727064863
702692173
116212462
110980765
117689451
798718114
714209939
707346803
748138251
704188548
707680262
704895819
112373632
740903548
717385129
746789793
759792895
759793845
768248403
790872513
714711129
716706781
711218402
704623728
116960817
717800741
741843779
718166027
116931539
707979637
759187737
729879584
728852671
116781293
705487613
706460166
116880990
116785926
743677567
702132057
721314619
726945598
114950931
116922845
112778395
746845568
115225812
727021709
116553464
115485966
745864254
757403216
116819589
116828757
798036923
117770645
799342874
717860236
758699211
707549308
116689992
111851580
703374942
792313978
724775933
716193083
717266875
759388842
720104349
740149616
790420367
116049761
716059441
792826571
715700266
712505846
706706050
115789115
792429720
711725648
720353128
117689785
728903219
795460477
758814658
113790754
758106746
758641793
757139697
116365566
746909714
113216278
726643094
708968318
746805689
793611373
758482423
793814411
720705183
745895637
117322469
743761255
794954972
798315535
708037254
705926726
116827429
758988919
708892312
792567668
757140118
111271724
741894573
746970614
794265988
710178523
790919759
713290831
748598622
702933570
116284648
768623837
113112068
112275037
714410321
719558491
712338666
700287863
115125350
798441598
705508768
768168814
792264421
701220294
798599024
719714691
710284399
718986875
719408183
758568925
745363202
719825576
741287876
718119729
117395380
116017110
796883596
110730502
712159334
794100362
113512523
724320896
701931277
726119733
716518764
716440671
741620671
116609010
713786360
794160943
728934537
116415140
745398265
726085609
757506428
768190692
702789470
794209912
794944236
792868761
710821795
791351016
113923310
769776144
743298743
712171692
112032883
741219182
792567734
797528255
729464974
745720926
114306796
790490176
768252075
746705714
794082725
791726449
718673639
757089953
116658570
117684908
745917386
718451928
713839607
114755056
110985652
741132595
758173854
112312583
727246716
745737801
702181612
790055945
703152873
796952432
718700391
116644550
708816915
796271735
707618794
720986579
798924175
740826283
794179084
114098681
707994780
712757970
790485716
707856423
113300370
797098655
113023837
117538287
115615457
705762418
741108937
703513168
717086898
797986556
745278164
794229150
705179429
705262124
703648292
745946453
112361392
711748132
711932531
794614465
713590915
112730675
758762550
114941073
700920548
116815287
116547221
116840767
743595075
116771595
768356061
728472539
769524133
797719775
793679563
745576752
795271550
740025586
703537586
792297686
114058923
703335115
707652471
117506046
743127768
713508742
116959239
798218359
745055227
743361086
769869139
114613390
116746166
725234276
792569688
746585950
717124565
112343577
799527358
701669040
114247440
714057066
758719182
113151473
793690746
769541252
116769028
743617658
759583841
757102912
792910407
721295044
708600481
711815705
116589892
720200861
728424009
712685445
742716110
717538371
116646457
700693357
793281942
701404568
759085043
711418301
116850553
110920128
742185597
705779163
746081517
729215229
797892112
110599586
722317710
742509310
725514146
720077295
711529348
758940591
757677693
703170794
701552282
792757635
110678529
708742822
116581592
111207412
724095206
757925334
740931490
702102637
746697175
723718599
116901148
748737690
759467592
742223327
721737982
704834872
706079670
742588538
710812065
757854397
706781576
707719051
711441247
116542540
768768823
758198636
701619492
719298115
795578409
769152150
741240938
116402235
768877364
718045920
111894095
790751996
748885201
746004937
702349794
748416089
758507840
111417291
743046713
797932041
703812109
746148526
768181757
716231079
721918861
768945207
769768765
112112593
702525388
796750185
117206468
116827743
718548725
712681583
111441096
703434196
700189293
705923378
111852317
792667808
757190919
714613487
757629931
741906541
703885174
116991989
710798215
769306886
114110845
795399661
117608703
708914811
748259495
116997279
726766404
706528835
769279268
716926133
711762908
703651219
115835654
705643340
795346922
714858150
795025266
746822996
746824450
710249760
718130563
791298605
715694508
703929439
715518675
742817984
116650072
791205351
705014026
705372937
117770853
759963229
740774865
114786716
741417430
759036480
116780047
743798819
758581442
757313063
712975762
116463164
116747985
117433591
798715839
791028534
759533284
742170279
719434617
743851658
705502587
718412392
757572357
719158826
716325690
729519045
799844819
743781089
701820460
708855638
791057814
726416397
790246710
704485807
718520472
790981533
748335159
757911274
711291457
759434779
795195534
745065815
116709219
768957644
701855136
704553802
791743564
702594003
707254003
729806629
745597273
711640862
114434957
724575302
740847888
116687720
759415282
708694926
792301731
706431765
792735479
729483407
741423675
759972368
707436817
726367244
768638075
116792823
742877456
790635863
794089029
116053521
716863680
740772389
740840314
706298678
742987116
116797325
706124772
712259651
112393290
112774396
115611609
703194203
117727770
768572446
715830740
746310958
799954244
799465827
740374110
748072605
796560029
702211774
712327264
704490473
715303261
743896102
708189737
718679505
743067835
707553781
705871608
758105292
702374508
705735683
759185548
116545521
714692308
723177273
723460325
714425161
729854939
704352150
708281536
743844952
794965148
790281650
725253267
743475377
792023973
714411866
791871039
116682655
112204350
796369145
706664075
707163047
114319650
742515982
110963617
769922590
796946048
793966986
741197708
705853652
716187622
702095483
115389684
791273789
112689573
791866620
759084236
748120828
741853244
745766498
769569480
718325103
116709961
799529805
790182470
796834389
704836360
117463674
116930041
729722281
711834005
794847085
116845474
745503578
708817591
794278861
117531496
113921154
742380649
791729928
791341732
117684317
116756398
705328551
112845824
791717460
742679419
710508170
795822173
792299767
757205364
719806921
717769450
768738933
797804538
711293712
713469589
792821133
706818853
740182710
116761024
703565082
743349211
746208378
729426156
759761886
703591116
796225801
712730122
706620842
797183859
116802742
757255506
116313312
799333792
796022532
791253058
757800559
117580189
796564434
794339497
741628724
769762773
797996988
790454398
723277113
748225071
742287518
115685417
795877231
742844876
795174584
742664107
794735986
723420378
746380165
797794603
794788660
759576547
112678365
706457419
745444030
743045959
117712972
707902305
743725392
769168267
116549299
746105399
742470586
743784371
797355047
718226616
708269361
740556949
115054894
721172838
799120218
745215201
112438931
758686607
742811683
706063175
793050387
716449273
758512936
706175624
799310447
797951566
793973037
790498219
740690534
757206729
792526465
710353294
116829629
745685432
769522159
769566985
768811854
768416361
705284114
746711702
768808105
705659962
717708403
796973665
714855367
795614812
759877822
116687879
116450736
728788179
702961086
706792385
729488461
790370313
117371302
740664472
796342036
716370622
758039371
792914455
748048533
745707781
117707677
742316762
797046757
708573295
715873806
114716547
791018896
116969355
748708985
116632796
741443456
706908705
115989644
701249679
724250651
799293707
703642932
748391126
701472815
708924902
117713147
746996229
796868165
724515041
743305302
117526538
705122468
790754483
113799980
115186709
707813371
758476529
743964077
717461825
116661840
791932363
757962306
745425669
117496915
715178431
706270039
713143122
719692835
112403980
748969430
769509155
769822312
713046054
792836944
712340495
700273803
742072086
794047960
114339968
116636820
117213279
706642105
712109462
768875197
115394201
721323984
742918584
769087117
112242179
117612056
710519680
748493125
116691647
741555318
758187079
711297918
768288146
745984090
116619489
743077747
742295532
725659349
708331764
727310290
724784602
116258913
759293674
746930374
115889060
759583159
718414496
798439809
117775523
705837440
759982488
710956407
703336957
117516819
758715755
712261028
117593860
116930462
707758193
117220027
757804166
116732386
117735235
114104686
117694664
759549552
117461004
115994604
115554313
759974742
704749381
711732198
757858499
714874566
715937228
790934957
719858196
117585347
116846431
711890636
717226167
768420124
793379304
798511484
700079072
741231122
117545521
710648740
792015934
116998309
729657949
116563809
713253130
113349537
700280500
112818330
796151185
797090548
705485085
742225528
743448437
748726879
724723412
748141206
741274101
757058317
712139993
711668703
115491195
797735808
704072140
728482545
116714281
713542558
701571998
116966579
115590623
759936486
702536718
759743529
117675481
723013368
790740870
791720185
729152161
792278079
111686173
748333149
791409664
112904797
741241995
794598629
116773762
724623793
758120602
700944975
708773885
769835897
794501008
708070974
740885489
769801666
707388422
717684759
742288854
705747924
702054517
743934482
705542898
715199678
116992452
723630247
745784156
701651410
717952084
748503869
743229205
117697172
714436801
704717434
703652439
758713872
792754936
759170161
758492391
795832601
790450898
745997012
748356659
746555289
796564146
746145693
714632788
746282168
742582562
708948893
719203672
717253928
112664656
727539680
769629928
741502182
115953817
701048492
708725373
798080478
740467193
795616135
710152084
748712504
724104529
714150281
712823840
111638246
791896318
791409788
746265448
729366106
704842683
711212959
702585641
757378329
759658343
758967481
723488149
790451518
794650347
710883272
792195867
796642008
728467741
704168773
792211435
704734698
714381085
759984838
114486857
112815923
748603978
714178116
769015377
706063782
724462948
748703739
769531640
705455853
705541294
748682214
798693080
714023461
721239745
717576690
705262633
705010674
117005637
743506793
742653840
768928845
740635121
745325826
114260526
703232022
712262398
746301508
791995628
116786912
712096317
741364668
727878834
758347613
116983468
116415863
708269276
793643802
757238576
116917714
790327778
708673268
705582593
713845759
710165876
116091064
790655914
708881428
718952283
712748481
793303138
742749072
708880714
757922783
798121691
708912465
116972117
728113584
706546150
742769248
116799595
793719966
795018562
798547627
718928281
707796985
116806542
700904159
758793911
769716126
799311468
796554165
701757205
741967809
792554633
702474658
116806052
710978555
705657392
116827834
115690134
748699730
746769457
702897794
799956769
759207764
792587927
718548452
742421309
746810411
707834459
795286506
742535140
748946674
706157513
113406565
708279637
769355621
112596916
711504519
111794196
798402215
717790740
796121440
793615822
705338677
719541422
759474755
706127618
116519206
113749957
703457685
712704016
799319605
726299269
710938549
757659381
798472717
701807458
757306962
768541045
793524311
797799249
768975990
793532786
797505382
727968348
703608452
759055683
111705345
758290852
116712740
716884589
719240071
117541374
791493330
718472659
707375531
710723781
759311135
116657412
790053796
113885909
707926718
792481726
116958509
112347996
798247913
743770684
714951261
117698902
797634687
748419377
728369598
116035848
113869871
748685402
758820671
797484094
715631279
711187600
792578403
111692378
790872627
748098791
726451531
741829147
114425254
706363420
795359619
745140995
707827936
717963584
729440986
745140531
726747136
707232661
727738498
743132712
768229356
748685989
713629789
117196485
797584137
794375693
116800634
111537993
740403587
116599267
757310474
711545921
740492767
708591246
790221300
116928347
705191749
726155216
712748107
117416277
799267483
115665436
110916928
716678474
705956497
115986977
742116048
704353375
706172581
716039617
797053401
716595660
745719128
117734261
703461518
748868218
768253879
718479218
757106413
741898363
113208376
759647496
769761186
743033091
116781746
706724872
728779287
708007785
742183553
759351698
116832912
706679433
715430696
740911951
742383673
769615335
711874213
117622218
701509783
715701965
115097168
114837039
116847879
799265309
723090628
116768839
715371770
748773749
758713879
799432335
703772407
707557816
703472437
116935445
795743599
748561746
705037288
707558406
725901183
794126018
791164507
793703968
708364323
742671958
113491505
117480200
746344132
794220596
757117580
707944689
742152717
797274551
742332869
718352355
720375395
723411294
796794204
795493405
758199640
798988579
716527444
113439769
701057245
799631610
768682560
790249702
748842537
746425433
741899390
711140216
794432212
711934598
116413598
115369129
721304128
704719809
702032460
708035101
116810574
714554301
792524894
117686313
117376763
792055801
111534229
790091887
719538054
745726248
742667836
704111956
794149794
759720441
710420353
792598471
793710183
791732681
745913754
701073997
799743258
792281623
759903237
719710004
757817943
728839998
757344864
703899031
790423671
701810498
116546764
713640085
707970269
116615638
748255928
116799841
725893062
791226558
116325172
791565498
748910967
758571273
717780254
702420866
707860154
708947321
748780743
741444126
716751798
796895835
745142590
703285157
794538069
707490324
796152313
794379735
759763826
712533106
116426233
111878628
758794603
707856630
717455152
742578483
113247657
795888118
116723560
117250634
791005173
713778428
117688473
741353847
112638529
757830475
111336921
793587131
116300547
743038748
795883875
712328690
703821987
793952695
768503835
743124743
719749971
704370642
716029306
791431729
116763827
117612473
712111518
116990292
727550704
748566450
111466879
713438493
795779450
757890627
715755371
116764710
724889142
116734613
116798703
743656660
713016516
791428584
729733153
792070439
790534213
795337762
708604704
111648721
701762597
115847674
799614287
794253719
791984839
794890084
716153644
740222484
115851797
791009295
748733957
768425162
707940320
768087006
116762212
716320873
719827262
799673029
742493272
742973930
708513780
769655843
797446829
795739387
758316492
720845147
793326849
796644109
117955739
743847083
705581341
113431703
759486021
745819743
718146176
790773713
799997833
116367136
790479084
748210835
112795775
117710167
745974129
707226156
793887931
792432960
757237893
711426674
748576239
701901326
742388681
758103596
701758547
713012969
759190789
714462698
716096625
748184607
117523693
745326768
797806899
717804819
112487115
759752020
111677813
768693475
743504851
711205944
757617412
759281391
746537271
724255164
748090729
113637115
706370543
795015172
116939049
113654015
769161888
758153066
706089401
703616300
759783121
116014952
792767154
723203165
794439837
708099825
711401474
710569913
759693918
712283923
705884067
769077510
715759924
117382604
748042879
746355564
701480635
708857266
795683382
797592467
114385411
797135326
116827667
701888727
708628766
793565019
706010733
797992021
700784571
795124085
745144467
796880543
116614998
795194985
708845243
794454309
768686527
795190560
745811594
707982276
718570355
795208966
757565302
729586618
721358958
794670417
791958091
797230673
796342201
710364767
702044758
116802154
795850874
797878265
797702885
719148176
792301468
792623799
792860852
726470159
743378890
112230975
794075585
768689512
716670615
708913987
798600641
706729408
115259397
745295187
116589238
116759407
713187527
717264329
757953515
795991277
798904191
795919341
115080538
717119823
717049401
710936365
116489611
116518552
116731693
718732603
795115721
116510244
742854963
797075054
791644871
746782524
113256302
729626820
701205396
115342509
702786932
792480690
797982353
798793710
758300569
700392657
716440082
716437354
743264352
759879680
742117802
797554432
758351368
117566456
792436875
700536451
748402664
791958121
798981578
116319407
112831461
768461620
748592468
795957933
704004372
720152248
702575671
794315123
791471641
794612316
114616864
759341383
110941563
791947803
702588127
721865027
799915899
111272944
117212116
799911073
799284057
113797400
116819389
797503555
719548039
769183029
729847144
116619713
794073891
703256353
768120449
793021813
794343847
712646195
743962955
759531706
759360251
715458054
729522216
795691443
729957258
716264955
115969854
795921791
116847238
769555784
112033430
714099934
705450136
758916881
768369710
740137811
116076707
792328593
702260648
793456287
707866434
790660564
712833180
704491377
708456843
714804358
116176640
702856985
759048862
728416029
116667636
725791113
117314573
742879020
116061760
700579193
712652942
728970755
116815518
794510238
110752285
757305438
745440796
742385353
796869808
757457044
795786581
111923396
113226049
715764130
117359344
728948632
794914238
792785198
768437516
716459743
741940503
112996753
117442594
722115056
759450807
116261063
792782867
746914786
112038520
799904552
768900604
720261529
797907338
114906972
116998376
792671064
757154747
112226047
113383091
115886876
757661382
700776434
116971220
115760218
745334651
702199772
794382213
745978883
113351693
759072462
702745920
769098965
793464298
799069267
711959615
793924847
796091517
116773147
116986877
116489049
705498901
714360746
702413187
112606486
717263281
746266993
116431761
748821180
702587546
705756048
116850651
742216028
740547782
711762354
792844190
743304897
701448599
116997455
703731053
798019254
713783191
794665764
700746548
116620178
700873805
746182586
759765498
727796526
117359179
712683781
700076865
741533760
758223684
797889790
724078142
116673349
116810295
704989922
797789103
741866207
703934530
748039226
116920150
116712312
708092698
796243553
116688368
111305700
741757982
791482338
708167843
703136413
741796416
717165801
743281074
799336529
712906150
742385378
116842048
748168923
741976409
769685991
759944422
719437181
705274860
116861076
720068810
724286674
791342820
742004078
117509912
793599583
714926129
705787204
740938244
797095267
723020458
795367811
115825127
769778328
769924343
726154237
710585522
746812577
795694414
115138625
793640888
748409145
706781054
743921519
794480122
704359782
717784555
740993829
740300276
708811159
742853881
724727719
707847539
705035358
794609890
117748725
115692084
795517126
725215177
702200333
713436155
728734563
117493792
701696789
758608997
748970758
769048706
741354349
702560382
715016561
116826613
111339640
115690104
706136799
116525732
798552145
704415751
117618297
702027581
713433357
726736238
794234691
707871623
706930650
745619541
710527067
718292708
769282440
758774320
769011827
114063645
792581722
113971457
116661925
115578046
705616667
791232289
720603873
113189585
726939951
791973530
799609804
706283815
726931356
758949526
793469712
706399590
769894041
791537646
110776529
793578479
790390171
758506370
725710247
111688946
799245018
706017537
758036887
795782599
703656780
116766273
718209317
116668471
116514989
112400889
748231032
791406410
706428839
793066605
721296284
793035139
757805362
723572311
112684977
757904247
724592486
728053363
745074953
713372677
794908378
712072504
797716769
117019827
742042683
716705734
741452617
745618308
116983202
117343133
797810657
769359900
748837601
702719966
718226173
703411170
745273212
746179942
113533081
768096951
790940845
114011634
712845725
743460409
746328110
117536982
742950146
116975544
116942925
743742920
748649060
117623870
748180542
745167332
793049304
742456148
117340139
705665579
792912699
704015218
741132393
706582643
791852564
740304655
741870639
740352685
748141486
718119685
114370853
743732423
793850854
110756649
725602744
796486162
768553830
708195816
712216035
115223984
701362813
116694943
708100999
745278493
792367800
114586349
792399875
115701648
113547273
799210841
724392914
112372352
704757214
740832632
713652539
757504620
704609474
726792346
114417129
116566369
113114223
117784081
741148076
717255129
790496180
112347006
116916097
799095347
705007796
712289775
716837536
702266620
711510515
112793875
702578055
719712907
701452720
793927283
715809557
703657058
714125084
740643347
705760205
769280097
715575128
704729294
116669202
114149843
706170543
704585060
707497135
704319517
711269804
117661249
116801830
741443690
117679580
113354481
797918238
703413953
701383879
701124319
799967956
113196406
740209966
117560514
112354615
116798603
724766696
715187326
116979753
117013119
791277797
795612175
116008713
116368548
116576920
112017696
792452907
714740153
116491463
790537764
740490736
727134885
757471839
707067414
717919404
795126398
740461981
715842581
759936539
740581318
117625842
748000655
758243516
748207649
714599793
742323651
708673561
768349002
706269246
114942107
708591194
111960933
768631206
117644787
708160637
797296742
790887606
704579627
740154820
701609192
791600527
743890324
113261087
797324971
704179164
726891267
742438321
713438659
757093525
740125137
116638850
113885800
700378470
718992317
796320127
716402754
700584061
743757826
114507510
116803553
710170468
740595139
743900070
701255087
757946804
718467676
758640956
795049375
712152961
745409146
792071571
798194711
708867225
797413953
708100141
720156721
116882068
727465980
115113824
702712228
115592559
714745797
111912232
716849819
745819827
746539878
742729423
704547245
715610304
116276995
703814123
796783274
701426102
715528520
113433872
717726653
116405568
116607416
759501920
748992079
791330746
701029057
790461685
742791406
759695058
720288731
117750052
759475276
116596289
746886911
758170598
745676331
745302673
115735853
701532648
729122524
112172913
717505194
705080552
706194303
712883587
768039769
746743183
790236302
703269590
758508482
798796228
115279344
700439384
708519429
794368873
795470841
743765903
714401159
745530694
743747192
705741310
793786732
702954671
792451895
745731958
743297120
717729207
798477163
794434682
110489519
112596484
793309509
723019456
705901726
792867400
726054883
796368226
746037472
759014917
701175063
740280592
708386169
793635194
768217276
116214481
116948342
701352074
791397370
112383942
703738229
724350514
743546034
799271737
702769749
797520914
718973916
719559673
794436259
115510580
723675153
116255597
741691350
117494256
717893482
710355234
791967145
116749203
117458090
713391674
115709627
740669640
720574671
110987046
716649982
768458581
794371348
769896245
701229353
115582897
718597141
745696929
110827177
116065268
746985194
798235337
703383366
740240873
729581821
711910197
706027334
748737040
740565864
743720112
117632869
707926202
720031385
117599387
720695318
757373328
706611983
719489208
700789218
728737865
768451210
720097455
116768685
116751603
799143218
707750161
713673410
117641524
706609899
793881974
769075638
704281428
792307785
706854160
717331618
791471684
748198359
758933352
769746343
743424839
748346675
714077211
113863828
790111982
116878075
117672217
729598499
757250436
706768750
715457896
758249497
708969425
714796891
794094607
702544126
113679088
717187891
716596397
745259510
791898766
748034836
746879724
795008487
758101436
713092549
707152812
700146778
769017378
742374193
793687509
700407768
799437443
710837315
791748473
708575218
757153563
117753727
745036314
708096114
726995146
701291683
700374232
741346389
797545361
711948525
116631633
757367443
116923738
794958907
706782670
115360876
702522592
718305569
727860945
708203411
748466023
729641573
704463905
704708421
720875517
768353655
768306848
711371083
741638368
110595797
799718641
794459904
720985441
114418269
116996320
743965064
716406239
759427435
712576553
705948592
714930311
706757738
729722379
729508291
117649561
759924561
710774835
724171767
713955141
113829783
701580118
718783584
743588197
790957609
758661706
748118246
792862473
116445486
795453368
757060383
757412447
759181427
702080065
790475406
708119196
742134163
707609582
793319871
700431176
711548406
725814059
707576840
718438170
741938276
793587128
759693753
713006452
723451201
117568803
703599258
116866848
758815867
708693000
769623599
712155308
748422794
740092291
769918021
748918854
114350803
115969877
759046815
742758175
748675828
746508821
768807699
768423100
719449344
728497441
723504509
746924680
769261653
743099725
117518231
114152228
759707139
719735229
705766977
116406101
799209965
702565507
712370128
741060094
707265753
115289369
714799525
758385183
712789064
703230516
716637174
712148465
759217654
117624961
793608296
798605723
712753177
742131060
718067954
702166568
708189264
115217517
794571267
746216296
117055853
743388253
795041319
769510724
790373584
758083379
748583775
706267157
116763403
741950629
708541122
741578455
796168840
757825226
794534609
745622954
796719380
745260829
110151505
718233156
793816862
701588763
705069751
713583677
759974408
743193823
792346619
113194920
757108609
769744394
795621066
713999827
713063694
728296653
768852493
746247262
740171523
115827884
758948542
701551182
791961818
112324814
792099026
116876898
727017905
725548764
757838226
704953649
796662582
113075541
798190189
702810989
728811450
793406384
741041413
113646168
759625851
742968788
757544992
117450729
703977674
768029625
116902151
112099741
704935281
795310737
746327826
758463048
794530197
798796532
701646708
708552730
740336873
117715421
797861647
114565822
759066335
702561028
708416990
700745823
705153314
759068725
745243105
791852756
790119065
113047365
792472025
113598617
116696729
758563287
797095994
117538924
757061269
743377912
768926348
705037203
748972356
743650359
703443038
112416414
742018956
726866111
719815104
718307730
719452678
757681978
745662148
794131810
793911137
117556681
748977866
710586930
117992915
112937664
711899749
704306735
741069249
768200493
116410582
759683097
112109656
759507119
717053909
748126098
117413115
745659481
112081335
792374399
702983247
790791260
792407866
796030467
711392548
715664337
708512230
705849805
700375764
113027959
796686010
729905102
798909485
716649850
113501038
707460962
757126733
116987679
718031406
116762350
769578584
759252812
757905833
793632142
748961131
728674137
713574215
705073861
796433045
746199747
742647718
116226923
745287159
740874545
706642479
114587071
112168246
712882207
708340924
117561162
721755025
742069729
768815298
795962023
114361713
116794810
116785053
113340745
115086818
748530129
796391911
793570532
792126857
758094323
707356933
720920362
113508978
792403376
708298121
707665082
797188426
111342895
793949257
741512403
796905658
715909167
703274608
796644548
745775347
768328248
791056037
748337805
710995299
796176908
757766977
743892630
769648332
741989878
713185204
704431359
798558467
710870595
757817855
743084970
727716513
791017797
759100604
115112230
759445962
759053705
742225206
796817077
746741619
712759874
741760901
758342791
748229651
115796480
742678417
713423267
745624927
711943625
758829214
704500641
718935311
741343957
711983625
116092163
757102691
759022893
740969401
717570157
768830325
700577536
716187449
703619069
723005081
701597272
114785397
757824696
742175821
740284973
745610280
117726549
723122437
719649734
703678013
759503276
704251321
758064500
768590686
758660949
112328225
746938764
116762582
705573814
799151335
707478022
116404656
707786370
794568180
116525846
701852537
702255870
742087172
715681353
791597643
110557008
702520093
116167838
718559485
715003531
116530837
748523192
745990939
795993312
701153028
759290197
759257987
712591617
769879397
728244391
110757048
795562506
743253088
745829957
748738489
797786337
113724204
715963475
708431891
116886672
729974176
797354524
745329023
768424055
704414035
720484383
740680229
745051656
791351784
716230479
710539817
794402603
117284578
799022413
758464532
705770203
113598117
792189312
705834194
745975240
794684668
717639361
769741077
726766874
708791685
705567915
116858747
715614323
799476184
116931947
797297873
797962004
115207779
748099937
797237583
715285600
743785886
708291234
718632187
710447269
724128017
712996352
710322620
769746226
113955819
702694777
701897638
701876245
769071633
113152476
116910065
712150825
706459834
707193925
740274216
794931640
758086682
795483454
704237190
724699843
793520746
728909583
759488675
725487907
712792788
721613600
116152500
792493186
714698937
711640930
793606995
758899083
729144931
791532690
745957239
117714923
793668556
702758341
793678706
704210399
702775449
741597140
748232592
717707248
727074835
748442835
757843206
714019385
718335093
729766497
115605947
721169019
758904341
797720941
728993172
722547068
116769908
798761957
758527850
742669029
792227156
714823827
748263379
113297687
117531159
792887626
759028176
797549580
702972439
768630248
741586302
113377184
117644520
796365319
743470295
116056511
748204788
704565245
116076135
792331307
748322089
746557369
703139265
112259738
742670307
114363257
114071327
757099840
790380119
706297508
116835382
725350790
740563736
114734273
702192168
715854207
701028654
798403872
794434056
711893531
113346045
705538763
701361407
769856894
702530812
116426280
707003268
712690623
116758926
795023303
714986255
746777098
705907141
718363476
769917838
792469592
702756692
718692497
707573840
746378102
707662791
702642009
742996722
717540249
757923967
729453544
710590006
759774612
742677136
797439418
710985025
790939431
794336850
724253317
117594090
745362097
742027191
720037839
717790549
792041288
758160137
791844635
117294861
716323601
716818239
706019717
792695691
769310494
795473719
116346310
712196956
769106197
790528569
713217004
703399600
791936220
745251884
112899119
708827148
726916365
792769884
746058987
116979114
748946802
114642972
717313059
740779105
117578157
724133054
795088581
729261392
740134026
718791854
117089569
793296315
742477237
711602546
700470385
746857659
114460259
707039209
746955981
110701619
115282714
703425705
795209582
729109575
745972466
729695344
724043209
712257535
795483075
704497354
705237785
116800565
115843362
745669190
724756471
715147194
743609671
742784185
746171156
758797517
703732405
705884769
114069560
791476701
743001140
717219781
792283105
116532170
117613382
117736385
790298684
116493421
740272809
116568136
701826084
113464094
720656460
742796894
740992377
700510987
724863901
719319282
745700820
743477540
717964851
708385138
117566182
792681217
116805630
796661946
741954319
706728217
706682383
702129080
703602762
746125446
795666983
711937848
798173523
703946410
117054731
746502814
705135478
719330590
746635693
703542193
759025156
116847581
116530224
759376409
716330910
758407499
703404823
700177591
710189638
742971770
713731827
111332651
758529436
726528059
757106700
704395519
741695733
707835397
798068109
702368528
703148346
725329058
707894741
769765439
769845834
116776660
746947049
719827454
712843720
704669904
796747927
742519638
725158793
769833548
742732180
791337808
705332984
114036701
743059126
705986411
702458130
798626537
793710194
795778034
116981870
114300687
708781152
745095298
117659366
712132818
707486385
758105733
704097636
720153327
117516139
723989573
796257093
116790716
116862223
757928145
115277340
728056693
758132602
798154023
715159448
799357409
769850110
110776500
748057840
745331796
745735287
705473191
704457087
113192768
113973683
115876105
741390109
721957456
746615809
713022011
706792462
717051457
702918351
759264326
748007324
112690737
723359193
798669053
715786133
727584648
116724787
704234852
796419672
714463473
116750213
795022153
743240879
721345096
769339391
746072404
727736743
769496982
115916102
117369653
708479704
116425368
116456172
705866550
769478131
113296354
757920697
740992941
759659893
703887124
112842551
713649114
790469197
116737641
743914649
116720580
717977006
726617649
714890079
719200343
702554870
117627523
117608365
740223369
713547818
704469175
713803834
115158477
745426246
723949099
793257477
759286814
746662482
741720388
113220131
798671983
796630457
114639555
111846685
720981396
793511545
719543905
715911396
725449647
705367747
758139685
796153546
795552947
748304560
710674694
112051598
729567279
742674240
701767456
718199383
714294814
759129739
746508195
740624019
745196916
729537675
705880225
716171235
705750495
708094817
745385926
746356942
712241533
111406317
769643770
790931872
704363169
711580509
701670478
117606405
768957949
110342960
746055960
795469848
715177959
768853897
741031282
708515282
729507263
114728131
794149776
769856192
701615967
712198865
706126487
798297229
748433111
740437416
117549064
790603756
113819916
757429338
714947360
746951731
113360128
757049620
740379188
728167609
116951763
798313182
759490898
718923011
713542242
745134201
769387904
740649433
769619239
716074363
768018911
748751393
792281751
116912526
700454536
769387503
707141695
708590529
711283223
110875162
117346334
116188705
701944424
705231592
794093844
110168570
705137128
797995814
795131937
757058971
705967558
716987649
701488163
791968727
768264211
700712068
701977631
117074283
768119192
114258046
794497927
111998154
116411438
743296975
113702739
705362015
112361021
116991833
114347924
743954782
790011302
748969768
746013271
718596094
792632255
708187819
742295669
717681046
791971339
742348311
707939328
715213487
769721486
759397891
746113369
742363290
727833560
116787319
112093730
707303806
701034990
706353170
795381426
700498960
116760100
701321754
704479707
704640836
758557905
759691926
797155739
757403148
799360526
113733440
799427659
728483976
799318200
742534861
742826163
757287357
790743604
715878559
705799200
116774302
793764704
745790569
717239662
704013743
718637591
708260493
759709707
791510084
701457351
700737152
725971067
794295899
746586199
117675142
116854388
742918274
797840705
116003585
759448409
115668107
114709391
797528194
710584524
742740185
794048986
715317804
795722403
116363779
748949451
758710475
743283731
768072105
742117253
716065324
758127499
116810752
702374901
725870985
116599133
748882470
712202756
117681824
705324098
716086556
113943601
701149695
113472028
703712042
116932934
793009884
790443871
768960324
792886154
707683273
713219714
116878347
759889532
769952438
718516279
740645819
117982786
743817401
116697583
115023155
725628584
702366425
715464254
114301535
708295413
769960029
740644830
716725937
757466034
716528491
799286323
717148905
708778694
724246413
116927958
116685826
790373762
715916794
114837299
758230625
115496554
768106186
712323268
757409651
794460226
793527288
741719074
117748726
726176739
701860316
757284970
769624260
790610519
116205813
719422158
706170918
116515573
759657356
716866746
703636436
714931480
748873057
759000774
791615349
794609143
723487050
117658271
700175225
116107786
116860984
701318264
794423862
791644480
727911005
795556977
758367659
769993297
748965078
769586553
705328675
793910258
711999308
745008353
758326458
114577273
794046517
714610742
701694912
769527984
791005897
745204841
793837053
742310319
794115793
743386329
758976552
705227533
711116034
768105007
111451997
745760274
746137816
113601161
708219776
117352861
742196422
793606018
792052193
117069340
114299373
791425975
743972099
711362309
748229553
768519107
790953538
759943966
111781936
116942002
706676933
116940092
796586564
115368370
769972933
748942529
745698155
740798127
743138251
745237164
741807631
707921959
701786457
703109580
794078980
711311394
704672615
746740935
757799370
704154472
742832564
710915503
701777245
743347143
716172496
114274805
711757523
710512791
701369867
741661075
743023737
740520462
740616507
742588450
113153662
712448171
116909223
707786283
757099035
743794565
743724319
116736517
706688336
724936538
742587049
116209524
769020469
706678606
704530772
794060166
745244853
794674698
713617049
117605404
797527203
111928078
791401139
116733895
757516004
758650541
791636787
796726536
742486744
705286091
792307082
745201372
790582647
703303631
708909649
710468516
797915068
799288681
798973361
116958377
713772121
792675229
705412870
115054642
715176297
792152744
769664749
796909055
111751472
769901292
702341746
742217934
705683577
769461032
114228923
705083570
742390484
113434498
742501826
740599774
116867294
116657260
758072537
710372605
759114903
790816954
741377831
116697123
726103449
725537121
793564991
757791041
715456618
725056185
769716595
748545712
723412493
758639905
796071508
741544964
759683700
116513134
796587661
117477697
716794098
793823576
728515580
718571002
727966948
758097053
794392576
769595780
707809793
117431173
790183551
720544856
717660998
793615320
701047079
112239157
793455189
712814961
759959688
704048330
790299698
796074618
758073524
705197756
707694239
713943966
797204253
758760547
769948830
797930797
790901006
710163331
116691358
748722502
706718875
700920923
743561964
799635746
711910035
748893116
116978783
114341192
706450099
799154381
791287946
759740167
727474105
713371483
708012399
792133739
117060256
741439716
745153964
791574536
718296472
741162671
791701859
793330166
796524565
710308748
759526268
794639571
799003058
793997892
703961504
769253261
792893246
791251684
745005307
745400721
798741908
746888023
715290752
711282694
791988593
796329252
117659725
740157218
748853376
741505896
757310480
796259106
116878849
117512710
111433687
758319922
790577279
713474075
117622723
791322959
110407514
112528186
720834813
758376604
702369826
718304527
719234572
748427693
114624494
790519541
710579257
117373026
792812860
741879417
793535910
716577286
117575770
758822670
723708899
112487507
795035336
701693328
743548791
758285320
714934689
715482707
757876581
793381727
703290381
768991025
708755049
704279990
790332807
769892496
792780812
707354739
726912006
711302338
745665273
708072496
759660309
768128617
745500138
727086816
793797180
704949387
757296576
717872507
745964008
113384428
741394304
758632238
745877111
111772704
741976511
790200670
796091252
741614422
758236761
117293994
792655943
718293600
116630128
769669414
728514509
717966753
768645717
740555175
796575451
117533320
793005366
708719011
796570137
790373848
759987844
702161200
116607576
701711721
793068847
117635923
797528246
793382319
796278273
113609887
794985569
705615903
723099743
757106375
711533589
719537069
117676730
768913527
117652004
714517556
748143728
793873626
748154538
797885655
719218973
117558946
769256237
115197563
111753470
793304534
759527930
748429734
727045103
795842484
743259475
116549939
708414026
701087056
758213554
719588350
110870835
112785598
112854829
723526745
791789538
790015811
758694249
715036954
741643095
748080371
116635433
796591499
116860690
116856978
717813167
727947645
748192630
759534343
116580871
741553673
113489372
798511739
713042646
116669571
759764981
794751894
113308230
712323622
701680598
116767142
705806027
726326187
706202118
745457829
726549664
799796027
715578309
768528739
790177764
116695544
792569719
117152237
790063259
795368985
714959976
757775614
111754416
110564456
706163771
117603990
746386600
759498946
704682297
728971594
114087608
799596802
117152568
798066406
758929839
700641204
116582180
116402042
740786026
740335036
116707973
726085461
702159974
714301776
792536786
114812946
793658108
116651946
113352890
715624587
707505580
794637574
705328632
768891269
759864855
769459269
746837123
113078050
116036644
745142982
113998437
740690692
757482541
740828235
116533650
115118626
721445278
743714735
743523185
707056139
729784967
769538870
769678061
700635703
712130091
726575239
717845954
706935030
798524391
797840897
745317723
757432005
792914066
712786477
712242808
729468171
708949057
746198516
790651659
712989670
704161034
769776964
727642918
700682105
723097876
740827658
757728493
721871692
112421187
796150489
711555873
704750232
720153203
706549573
746134820
742830153
758689463
117450674
742458326
116070320
714144996
116988478
114485777
725323006
797259537
708254035
112441029
758923831
725363194
714203523
705148091
112252718
741649410
717851075
727600473
718774346
716861407
113411520
115226731
117657421
116759064
116664227
795318600
112409535
701594955
794119689
110374161
768605761
714229819
711554171
116489686
715012909
706558274
759797627
112465985
758615698
796172557
116822651
110694792
116942142
117487037
115344156
713674052
748841429
113660073
110151249
115240163
703763249
769917982
703342489
116960569
757342935
110551589
740876822
745558932
713465381
794476269
116646571
117753950
111780219
748959563
716155956
740794636
116357645
111659012
757310915
729775200
112737045
768189181
742392836
706185676
711987034
799252652
718245577
717319799
116012174
110879027
710928490
116249707
794943151
706127597
704992751
701742558
116824063
713136745
702568997
723329491
117729416
769594057
705366633
117453574
795551421
705925388
703715341
728164997
116942621
796872041
742950923
740938141
758469646
711424625
112270074
114438759
715015227
769545749
745416112
740318913
729955664
701786006
791560817
715784279
110770076
112505029
701558982
710280901
702885508
700456137
116699487
726996200
700468352
710613607
748323768
704849971
757291806
795801907
746855462
708916237
724389209
116590394
708113753
769142937
759413925
794655314
715331320
712516931
116505281
720430014
117629837
727559867
757532254
796739712
707756246
117667309
799557628
116732345
111681734
795617816
797517316
700830712
758205200
745841976
116744071
116702210
748742607
116818065
745749617
741840392
791371895
714345019
795160314
741062075
117313829
704325893
702298968
116850527
748878591
708490613
746063842
116647296
702673394
759678944
720170168
715873229
759613817
794645665
116494664
704705562
707199960
768825660
757199867
794924619
748351237
727162526
745631006
741754441
742692754
115687710
748169374
711345863
748821597
706389108
745368550
702241230
741363796
724251839
714357079
114098385
799025126
769733974
718701269
793321267
115709699
117606038
704585861
710945143
117609061
705868276
707041356
795010433
116455590
702617756
117429563
769214629
743280271
117698279
758420607
745019935
759198481
116961271
794380731
792189030
703286543
713974796
759873336
743976082
707801848
717919574
748328319
117520166
757525532
791680394
716247042
742651930
115790277
703686977
714958583
769812362
759736187
116429761
790285243
799759568
741934600
721997244
112177213
790536131
743591252
117551714
114281354
795530651
769481620
740665548
768041184
706464793
790364295
748429953
112517701
704786516
115226169
116842437
116905081
746249747
704246535
743558130
768239336
117475498
795195712
116455246
116071027
743585965
116811099
792533238
745244748
743225814
116912618
791201332
705257664
724818563
703225317
718738806
746863397
111781100
795942216
742492965
702370969
759039462
117069931
117555990
793858909
114209834
769085471
718667193
748323547
741548478
768529136
795658239
768452037
700239828
740565162
791334291
728428722
740928641
790069771
743279761
710476624
796466270
795013926
790454290
708232113
712269543
111260211
115930777
757358918
112921087
117750543
718846100
707028791
794178344
706841218
712522498
716533768
706299015
769761151
111292713
741526597
708756743
791922018
757292680
719188444
703429532
769148905
768118929
113802235
112027149
790898550
117672714
114394000
797583914
759628626
717857027
113709768
790689509
795599052
706129315
746211087
702545833
116800782
713672668
116020760
745093493
706812964
712549302
769717319
757190278
768541631
707309513
117356497
743422584
706224078
716956731
742194678
116974260
759409991
758482506
708502130
117376520
116160837
743578847
790371888
740913557
797307673
757672934
719112751
743737955
705158700
712721376
112066235
718843778
790583636
116817364
111937609
797652508
116686131
743308125
740892290
702241866
741536422
768683614
717247235
718287541
708784886
718954626
116861360
729253971
728995784
745752111
743087241
715813919
757067110
798452208
116934659
759777433
710979382
757047006
794323893
768030094
769852575
743285970
111877712
748156908
704338706
707696525
715291005
758395171
798207563
758282792
701214768
117564103
768074629
757869394
719595952
716498440
729502512
116686677
792076157
741546763
748211183
715069252
714906620
116473708
116485797
742956729
704123946
729166715
719187806
116548678
790513661
717474215
705663854
758058820
719164735
727213525
791736462
790555368
792839441
716822230
708969450
719871835
717201706
746000511
798011523
746860529
117561469
113524350
791910966
769175488
707765654
746089948
116437059
708482537
740324416
117747723
748723843
796708901
116527500
793678256
742098258
748237944
743918209
716264373
116842853
793395972
745259889
713096596
710886908
793458580
793079408
116978438
717979875
757382083
116866615
701713294
768036282
710585365
113349596
728047097
757221662
113090820
759438908
742890963
757523260
794905111
793779725
111639729
110994430
706336931
716841053
116983237
745567625
797175260
117528932
718245790
116821416
706146802
117633668
727635439
759969746
716503786
758318548
702157655
724259362
700653999
793066971
714434792
790127640
743660519
112576093
112661271
797605283
791907440
745649654
758568399
758871954
743600344
702240655
115312449
746795876
712730770
793899772
723897993
707220406
113521808
717961891
743146296
742373550
794989113
757758621
110862267
714059725
716747391
748736927
117400721
748268404
714336510
758769052
114127251
705765103
791108286
714887217
711286048
729063746
114730260
743203653
700850906
769716182
116425720
706598173
717542896
758084178
708050651
712067120
707713466
703727431
795277316
116915384
716787788
110777874
745807840
704493578
115377281
117665873
748348255
790063042
116621968
705417419
727576030
757790233
720639872
714256076
746909395
740658869
116972007
758575424
718040492
116924077
793704453
748073875
798180627
113932387
116006615
742192282
768574314
797425005
748344182
110768674
791543871
115140892
757718365
740763204
796974739
711245791
745210229
793250041
759303788
719684925
746099922
758303476
759368129
792274839
705140197
790047000
743655999
713746470
758577814
704266334
717358905
111971434
116849145
116898370
746356895
794576739
712704349
111704791
769865741
796617978
703219072
768188787
706930978
768237392
743714719
718921649
703542552
757562744
710957025
713494930
714283182
769708512
711384463
729353733
768767702
759894760
714511848
701893865
769873425
758254416
742794742
703398369
742199816
758681831
743659992
713884703
706596156
115188726
748868479
790322184
748076538
703766447
110762029
703810819
745939531
724851556
790428929
704709040
796109876
746027279
745276627
112148392
117757476
116070128
711157489
727482355
748617058
713825669
742471671
717533434
715363702
795218528
742459217
757082685
117366819
757390506
112115211
705165341
741595865
