720835593
723419768
797100077
703698313
703695487
703690177
703690649
703698135
703698754
703691914
703698032
703694491
703695959
703697344
703691446
703690602
703696102
703690847
703694340
703691741
703697539
703693879
703690494
703689881
703693304
703690607
703692587
703695115
703692220
703694960
703694514
703689281
703691804
703690998
703693579
703694860
703693462
703696252
703691274
703693598
703696807
703692883
703693758
703697846
703693181
703698520
703698212
703693719
703696231
703692666
703697356
703690787
703691499
703693617
703690819
703698854
703694600
703697856
703691401
703691000
703689852
703691859
703698768
703690553
703693822
703696015
703697457
703691387
703690520
703691614
703690969
703694127
703694143
703690169
703694887
703692067
703698709
703690944
703696199
703696602
703693292
703692619
703691558
703690828
703696742
703695244
703698346
703692393
703697946
703695940
703696736
703692022
703697326
703692623
703693667
703693246
703694285
703698980
703690081
703697579
703692253
703691118
703694099
703694189
703697887
703689868
703693771
703695169
703698998
703698422
703695410
703695980
703690500
703694449
703698853
703689371
703697711
703692832
703698763
703689419
703696068
703689411
703693095
703693559
703690861
703695708
703693987
703695527
703692626
703689478
703696612
703690138
703693802
703691789
703691674
703695034
703690671
703689811
703690737
703692728
703695508
703696726
703697219
703689926
703690993
703691665
703692601
703691526
703692306
703690087
703692622
703690955
703692562
703698113
703694174
703694687
703691159
703692997
703695558
703692849
703695228
703696649
703693792
703696770
703696476
703698048
703694255
703696136
703692929
703693117
703692591
703692724
703692746
703697446
703694169
703695390
703695490
703689399
703690038
703694050
703697205
703693112
703692082
703691563
703697724
703690880
703698817
703691115
703693369
703696000
703694113
703697114
703689861
703694417
703691432
703689878
703692710
703698959
703693056
703695309
703697351
703692477
703694489
703694239
703695121
703692408
703692209
703690526
703691808
703692055
703692902
703697664
703693567
703695351
703698038
703697254
703691022
703695970
703690812
703691373
703689312
703689445
703689292
703697615
703698665
703697011
703698474
703689759
703693475
703695323
703692522
703690446
703691007
703695336
703698896
703689687
703690867
703697036
703694530
703695312
703695595
703690448
703696355
703690684
703691504
703695569
703697611
703689859
703695223
703689730
703693417
703693118
703693905
703696548
703695072
703696682
703690752
703694387
703693568
703696243
703695665
703690107
703692274
703691816
703698966
703694533
703696903
703689749
703693278
703698200
703689421
703692481
703695440
703698512
703696405
703697836
703692554
703695381
703697599
703691906
703694336
703693988
703689892
703692702
703689442
703689301
703693378
703698195
703693422
703691264
703689716
703690095
703693991
703693343
703692585
703692599
703695764
703693686
703696741
703692799
703695992
703693616
703695109
703697867
703695978
703693931
703696538
703690866
703694128
703696399
703698841
703693739
703694022
703691374
703696395
703689578
703692138
703692879
703690337
703695056
703695055
703692260
703698017
703694000
703696812
703690220
703691609
703690894
703692193
703698005
703698535
703694656
703690486
703691653
703695702
703695157
703698699
703694236
703691857
703695777
703692979
703693319
703698448
703693490
703696979
703696282
703690536
703697665
703694234
703691293
703696802
703698887
703693038
703698064
703695397
703691234
703693200
703693202
703695124
703696069
703697957
703697123
703698437
703691908
703689522
703695160
703696195
703690196
703690937
703692189
703692211
703692647
703690759
703697514
703697044
703696110
703692078
703691774
703696882
703693889
703698968
703692483
703690515
703697669
703695074
703691769
703695947
703690870
703690879
703697723
703697066
703698016
703696527
703692871
703698982
703698702
703691855
703695386
703693254
703695617
703692736
703697873
703694179
703691393
703690987
703692450
703696477
703697606
703696263
703694885
703690881
703698643
703690800
703692434
703691892
703693694
703694170
703693635
703697998
703692084
703690817
703694806
703691959
703691756
703695567
703691001
703693456
703692936
703696056
703696131
703695575
703691034
703689830
703689860
703692935
703696186
703690644
703692330
703698799
703695364
703698794
703697825
703697914
703695350
703697491
703696610
703695653
703693315
703693700
703696867
703691025
703689665
703698877
703691549
703696553
703692931
703691220
703697774
703695952
703690947
703696604
703694718
703691773
703691227
703693541
703692701
703692038
703693497
703698789
703694021
703694651
703695629
703691679
703695973
703698172
703695539
703690154
703696375
703691868
703694026
703694324
703698675
703695836
703698372
703696559
703698552
703697558
703692784
703697289
703693880
703694370
703694393
703698900
703690397
703690063
703692980
703693091
703689699
703692475
703697578
703698142
703693789
703696629
703693308
703696811
703698738
703698740
703690024
703694676
703697199
703690211
703694054
703697542
703698235
703694633
703697150
703697629
703690312
703692409
703698395
703689512
703694523
703690003
703692114
703692284
703694228
703693321
703693951
703694689
703696873
703689545
703691137
703692992
703695377
703693256
703689856
703694423
703695379
703697412
703692400
703698267
703692261
703693150
703696892
703696053
703695093
703697940
703694337
703695796
703691438
703693401
703694365
703690964
703696286
703695322
703691505
703695259
703692645
703697619
703689851
703690695
703694029
703695687
703690129
703691650
703697769
703696747
703695098
703698944
703698367
703696076
703695900
703692304
703695111
703690739
703692017
703695962
703698838
703690422
703695222
703697238
703695618
703698935
703690307
703690318
703690936
703697638
703696373
703694161
703692428
703691125
703698087
703692806
703690636
703698417
703698282
703696904
703698103
703692332
703690057
703696722
703693942
703690965
703689733
703692283
703697388
703696556
703689454
703697079
703697937
703697584
703694468
703698972
703694931
703698096
703691109
703696848
703695583
703698927
703697890
703692610
703697820
703692557
703689645
703689725
703696030
703698515
703698564
703691130
703692465
703690373
703691163
703692906
703694529
703694763
703690830
703698725
703692323
703689285
703698121
703698878
703695663
703695300
703698035
703696465
703690854
703693206
703694872
703697571
703697463
703691439
703695823
703697843
703695884
703694551
703693569
703698153
703690723
703698364
703692346
703697133
703692404
703690006
703695054
703690844
703694661
703691941
703695668
703693362
703693732
703697955
703694280
703697340
703691698
703690839
703696177
703696482
703696595
703694208
703691690
703693046
703694447
703692759
703693063
703689484
703697448
703694202
703697187
703690294
703694311
703693565
703690791
703692059
703696511
703697051
703694436
703693212
703690914
703696901
703689483
703689640
703692442
703698970
703698307
703692595
703698101
703695512
703690741
703696999
703693974
703695264
703698889
703698589
703691785
703689948
703694904
703697389
703697029
703698040
703694214
703689455
703690833
703690128
769968955
769968261
769963536
769966217
769962170
769963387
769961397
769960351
769958470
769959777
769954462
769953571
769951750
769951732
769874598
769872702
769871085
769779075
769774298
769772262
769765591
769764228
769577138
769576507
769570595
769568535
769564822
702567964
702567956
702567927
707567960
702567903
708568112
707567991
708568009
702567998
702567948
707567930
708567936
707567919
708568167
707567947
707567995
707567973
708568074
708568053
702567938
708568113
708568119
708567965
702567977
708567956
702567921
702567918
707567935
708567906
707567962
708568041
708568155
708567942
708568093
708568045
708568060
708568139
708568008
702567986
708567958
708568140
708568091
702567949
702567908
708567928
702567999
708567929
702567914
708568143
707567943
708568100
708567932
707567904
707567938
708567943
708568160
708568104
708568102
702567923
702567958
708568027
707567907
707567961
708568072
707567987
702567933
708567976
708568135
702567951
708568125
707567997
708568088
708567974
708567949
707567948
708568023
707567978
708567908
707567968
708567945
708568064
707567901
708568051
708568145
708568162
707567945
702567980
708567910
707567957
708568120
708568069
707567970
708567927
708567937
708568040
708568144
702567925
708567992
708568136
708567966
708568048
708567983
708567987
707567976
708567982
707567966
708568164
708568010
708568001
708567969
702567941
707567921
708567951
708568050
707567924
708567915
708567973
707567928
707567982
707567972
702567971
702567947
708568110
708567967
708568127
708567933
708568049
708568101
708568115
702567910
708567986
707567910
708568151
708568033
707567933
708568161
708568026
708568036
707567900
708567930
702567897
707567958
707568000
707567952
708568163
708567997
707567977
707567915
708568021
707567911
708567905
708567947
707567983
708568117
708568169
708567938
708568070
708568152
708567935
708568097
708568080
708568126
708567998
708568138
708568106
708567902
708568087
708568158
708567948
708567980
707567909
708567985
708567901
702567969
702567930
708567970
702567942
708568032
702567972
708568159
707567906
708567913
707567908
708568011
702567950
708567911
708568133
708568067
702567976
707567931
708568028
708568121
702567974
708568078
708567926
702567973
708568073
708567900
708568006
708567955
708568077
708568004
708568079
707567897
707567992
707567899
702567902
707567918
708567899
707567999
708568046
708567922
708567988
708568131
702567997
702567992
702567934
708568066
708568096
707567988
708568075
708568037
708567924
708568044
708568047
702567991
708568148
708568165
707567956
702567988
702567957
707567964
708567960
708567975
708567897
707567939
702567955
702567981
708568003
707567925
708568082
702567940
708568111
708568038
708568014
708567991
707567975
702567965
708568013
708568057
702567993
708567972
702567982
707567936
708567950
707567942
708568059
708568007
708568058
708568022
707567990
708568029
702567952
707567905
708568141
708567917
708568105
707567932
702567917
707567979
708567907
708568016
707567927
708568094
707567941
708568018
702567953
708567999
702567909
708567977
708568157
702567946
707567965
708567994
708568076
708567964
708568030
708568122
708567989
702567911
702567959
702567967
708567993
708568002
708568061
708568168
708567962
708568034
707567920
707567998
708567921
702567898
708568114
708567959
708568081
708568124
707567994
707567954
707567963
708568130
708567944
708567978
708568098
708568043
707567950
708568108
708568166
708567931
707567913
707567981
708568052
702567987
708567971
707567959
707567926
708568083
702567926
707567916
707567946
708567919
702567901
708567996
708568134
702567899
708567979
708568107
708568137
702567978
707567937
707567949
702567968
708568123
708568146
708568024
708567984
708568031
702567979
708568054
702567907
708567934
707567914
708568055
702567932
708568063
708567963
708568086
702567905
708568065
708567961
708568090
702567983
707567955
708567903
708568042
707567971
708567990
702567936
708568005
708567918
708568068
708568149
707567996
702567961
708568095
708568012
707567944
702567954
702567931
702567906
707567929
708568129
701567899
701567900
701567901
701567902
701567904
701567905
701567907
701567908
701567909
701567910
701567911
701567912
701567913
701567914
701567915
701567917
701567918
701567919
701567920
701567921
701567922
701567923
701567924
701567925
701567926
701567927
701567928
701567930
701567948
701567949
701567950
701567951
701567953
701567954
701567955
701567957
701567958
701567959
701567960
701567961
701567962
701567963
701567966
701567967
701567969
701567970
702048092
113503106
742229789
757367927
745558151
796895913
114721370
796331378
113186314
726913064
116996016
117198054
793946440
795565121
758928759
717835376
745926894
757610558
769684569
117429758
796360804
758598440
711445071
706904161
717393459
794030165
793635547
769654533
705113049
708531905
794982654
742914712
795687246
713889665
727121439
748025293
706775103
114468277
111985081
717423105
710361255
700163809
726441373
115727248
795881549
758568304
794845851
757109563
708907999
743090770
700808140
114299503
700459536
702408985
702905707
743544062
791024536
745543967
796957810
768644611
716392867
799318266
707707287
113489142
759138411
112747800
796883320
113797259
703453310
742090410
748269937
793754893
768823874
701242582
792115276
114999678
114741717
790740021
716506444
716625809
795608562
700648341
706397183
706202419
703248607
745490296
710942312
115510839
713515205
796862764
743946048
793507135
790916448
740786410
741164736
798674417
702272174
794769815
757736043
793970791
725779179
703115430
757703998
745985761
117427988
723164659
711106047
702182506
716438886
717282354
114423903
797906876
111679215
758089087
711709542
116521774
112425740
798599903
796455408
702879606
112027244
707334146
729016006
793889051
794551336
705280534
793847290
793604070
704393519
704120591
115202963
790774599
713927492
117070645
746920081
742047058
716515895
115222478
758941815
768712139
710640619
723634584
791050401
768074186
111562250
711712261
715014637
719775169
114443500
717713073
792767468
745052761
757640499
713915881
711908840
742959097
113940827
741076709
797204670
759851167
717711296
706703494
799073840
727471675
704041039
116608359
114932465
742860231
759252327
742235877
769287627
769155089
745068088
718296497
768393897
748354754
745331085
708498187
757141265
712657970
727223717
708331753
704677923
115147447
113913604
707047202
769984207
769387323
757205431
757984347
708141614
112930839
741580204
701698734
713250505
758415117
705083813
746204024
704981505
758469523
768043628
705683052
113594469
740046021
716631769
720164952
115833512
725409205
745806381
798521638
794315068
114061800
701213951
116647345
711265616
729936781
714506829
110926560
790663001
799093138
703927366
799366794
724086751
112025877
718733538
759397595
758422185
710520353
708522555
711709241
719473481
792447838
701485386
728819491
799979522
759741302
717830939
796901550
799142805
794137590
792809179
757471425
796982022
728413198
703552892
701843685
114763461
792104970
748523922
704712306
705949893
724412670
714880360
746648009
799328448
700232317
701994030
116519963
702307059
757009280
720944795
716601767
704069773
793680838
759177313
701748236
115188834
741350300
792835613
703666005
757129495
793047914
712184349
706696447
795287795
115836560
719433553
746180992
117504900
741044817
700384949
799016343
113897981
798554479
743473245
798397840
719617025
759416906
110653246
740898434
714526375
748590122
703640887
757778097
726743802
114106803
706785982
793271208
715572603
758526459
795188478
758015164
700836650
758731486
769061432
717893687
718411507
794476699
715729631
794974218
114161266
798423949
743088753
768909075
798064294
741063816
759387130
712271831
707437989
796603340
759538601
791349457
748099278
758195032
111912789
117526693
757143841
796532396
748242781
712988499
112600985
724570396
116519924
745245136
708614892
794979390
114737356
797528138
745020245
795278653
796571304
743549658
743893940
769597178
718418620
707631327
719125932
792069327
114673984
113090810
790694954
115819551
111813876
700291416
720559439
741236954
769730442
701737585
743458685
117468041
757923604
710418625
798667839
769963036
701596548
701664348
794626725
757730506
700581828
748152667
115993068
720659995
113126881
712872180
720408838
706258687
758501434
706920274
702511172
112155243
740908870
795932635
707691410
715198335
793983913
740533142
707504221
701542073
115114231
757702175
723947855
705981781
703684336
718356676
798936348
720836970
793652824
768419107
715809105
112884602
729727664
703794078
708636043
797554102
740632228
768468142
706139479
791016512
716381034
701768794
708527709
792975669
758093298
116579588
799517408
701021419
706812716
793569286
112845535
769757909
708431359
742952701
114001431
714709117
115682193
793719339
759873965
729316322
796934604
114362902
703328250
796644104
792225760
798464574
117511547
711392778
114417394
704673620
116537490
712281599
790806546
757017952
707934908
769241934
116375674
702557620
745297275
742214084
710109980
742121797
115631612
791520449
796542580
111728876
716533780
742690671
793867524
115621398
703105408
757241866
746591021
715730519
748261885
757634522
700900093
707533628
790496227
710564132
743784976
707052065
713612797
742894078
705362578
748478439
704296280
748274318
116613218
710705639
704813159
759269351
707276249
713012063
718704168
769762798
703812317
714016797
117314719
790389446
790565085
111628967
797626231
743201205
745029016
741743873
708997368
707183417
729203965
790542718
768784685
703383698
759614555
795122409
742194718
746580771
742906173
757173261
719830406
748963489
758302936
710526887
724122043
701702557
700626478
758059969
700462757
702984561
712466026
746361813
768159352
790454196
796074778
743030641
113897366
719859654
743521458
743141327
759326284
707784060
795348637
741986432
708586078
713790777
741754721
112602196
794253837
794852972
714764547
718031936
707278253
710637670
703289613
759064251
705340887
790490984
702957008
713051576
746656588
703836963
740573646
741658769
112478372
702577325
796552480
710871302
741627284
708195410
116347991
707774687
116473802
717716946
702854673
117536037
701038869
708482983
740851883
713797529
759413968
707040270
705742854
704265415
707044058
790738821
719459095
713470466
796311112
743506739
759287161
705737534
703589597
799629373
793524453
793005228
713853746
706646517
797033826
115654580
746234767
116565094
113266980
757639472
713214640
794833905
769704078
758069565
707425843
718424428
769390239
745061368
740767180
799903558
748847842
114856978
701210470
707864533
796116375
790022710
700077843
768902325
768341951
112277918
759162861
117505185
116460591
718103952
705389870
727367912
708374518
703928813
718316407
742966177
759946029
117276913
701971072
710800533
113541970
712597073
758407593
758193047
768679024
111961192
704497142
746523093
115459228
791558387
791007627
795287268
719203396
113078749
719604004
713342642
758579829
790543237
797678682
794368469
117307242
113997988
757798807
702134961
794758367
792876503
702031396
742640481
707737472
117516080
711772598
115944726
717640433
702497919
111795374
707573740
117432053
746941688
799572313
711858871
794897338
715871481
768499603
742798297
798976471
758370086
798153977
799088761
759913025
710575676
742872410
795613689
742908208
706595945
793518445
716529303
719893282
723609169
727596123
116610576
117522477
790104057
723386270
115015211
794629651
713796472
791543457
743982703
799311502
700069885
793922629
794903283
748598267
711165901
115284748
700686467
117542833
703617530
701050700
115671198
798445032
769269757
757008138
743135411
710291464
710581309
706178389
702975909
704634727
116378108
768294437
707331064
706946724
795179941
708839901
701914030
758462963
117365496
703384325
114984420
792774598
759117198
792988947
745347579
701396138
718974561
768387097
798733203
757419905
701770992
710711666
799403603
116419463
700535430
741470203
706100548
116551035
112839596
769207565
117494588
706000834
116530549
703160873
799708584
112913338
742187796
794611515
703562081
717593094
794719630
742194066
116638655
702655235
791701896
727491307
724965517
111904710
705311239
117509146
794670924
116504654
702633875
700139023
116464453
717708873
748673248
112114253
757300339
799891198
711881623
790189287
115348859
115835272
743398354
708683052
795937682
703781157
710683570
702282975
719457291
794398762
705301718
720681220
768087970
116637016
798764542
701343776
110563449
757149321
114119358
740094449
720716509
114129735
706215819
769267529
796384657
741311522
715405093
795764314
705771866
743650826
713300287
742196503
743591535
719401228
716934692
116532565
711471165
719541627
746557987
742698099
745645904
717944519
796495145
798692064
719123840
793785753
741119842
112862912
797499425
745122333
743902477
745279245
114106806
757936423
115129952
711388635
757851704
701084208
793595708
117324728
111451895
707552993
743543201
743269831
743734301
741092983
740077798
790040292
795539482
799422343
795762238
740920317
712729062
796081900
112378812
759086528
758875736
768647259
711979080
700457097
742407019
114777139
759333518
111641869
748169710
701937703
759290085
792958891
745389634
795942279
719146507
704842685
725042988
759509038
742147568
113179918
759402873
796497004
705647127
725284569
116318231
114583344
705087249
116640597
727405723
759248844
729887663
703905211
758826307
743855622
701971357
712266100
748524997
757422620
702079425
703585275
794927392
790192184
700921794
719651189
740580310
759274807
712654297
726113059
716972666
759677113
115593016
717189553
748682913
794547957
111647762
741764637
726362060
724642060
725076470
703345815
111627894
729426682
703228661
796764629
729019573
748345091
759730246
716193972
720229542
791649752
743363475
727642344
742355052
792564234
707525492
790385731
711503499
790548718
746661580
115142325
797845159
791585133
795179389
718424853
719880349
758214122
796210266
799369627
790984052
768558474
715347510
768321928
741928546
725427870
708690021
716508499
790260629
712993217
703122347
742359873
700918576
791287253
768460864
721708757
729744736
704909934
719175651
769641614
711138981
799083263
746056921
718285268
796820738
114907250
728739989
740854983
112920541
743922194
748986124
757661412
705500944
729743710
706546380
768617668
746618123
706107603
769820389
790680963
792787531
718397606
795154579
724313261
114887948
726797308
795906115
790723734
117259421
728384734
794409357
727014447
710156625
790414387
711679446
701967846
726871350
707360142
742946402
746732486
790678408
114358105
796724794
704190067
741932978
711649701
759799885
743666267
796485672
769044975
742092158
714062158
712723666
796804110
706484508
729489721
795188135
792615889
111451382
113253721
748716329
743640454
769324392
792649358
113510493
117620105
704910159
742912577
117576398
703281138
793776107
742308217
759858299
795518921
701848369
707488504
117579084
715969242
710615617
742158678
703100521
702941602
745876325
742391602
745043840
711688043
116952985
707562334
723426594
712388967
729314348
795195382
117565682
712786845
748330913
792876674
759681986
721471827
725113027
791500286
117646861
797457153
707907663
713026721
742047465
713722442
715413976
712880826
791938352
729122764
718985420
792189178
741722368
717860083
115597184
117499415
799150171
741963692
791017448
717390522
798075020
768352288
114002037
117144665
704724580
768156453
117985852
741886708
769180554
727331527
745967433
759534855
793561846
705454289
116117417
712151080
769940489
741341974
793767785
116974344
117045236
794651072
111958480
768769702
117154754
117344258
743989548
768978290
117588978
113302030
719232631
701772937
794615731
723049927
113508990
769825541
116484392
117581677
112316674
702588881
716040763
114820380
713245369
115126851
702371785
706408190
111786804
742385727
114038550
720154948
740818983
790482460
117488499
720030120
111264452
714423458
112918200
796541940
714909992
796673598
758223674
796028519
702534386
798305325
701451597
713016316
117568438
703623755
710955478
117572370
716512576
718363953
117589506
742872712
792385381
759217386
114757632
748984577
117565734
706725859
794465273
792610648
791936124
791664253
706856803
791534384
710494894
746425660
742401825
793271936
790162847
111258479
717667369
724856096
740599030
714044347
743317761
707830327
117659374
115326883
706745139
117561988
729988902
757623673
746576178
794417109
768493818
712697221
759312521
799152267
117755078
700431133
117542643
745137734
714286073
704286992
117640995
741914856
795336864
729168647
790969291
748005615
115538400
728994755
745984250
797971942
758126311
797335777
798510111
704824307
116524075
745435459
707664604
720681570
716248518
715737214
759437670
769261307
795484132
757024167
117550815
794478656
702294887
114109754
718058880
706140243
704118992
706432687
743527370
794003243
748008039
112180218
748339132
743473782
113372123
706264224
745085130
742601519
117606382
719748352
793982130
794734842
793975181
742466572
713105278
713937423
710133874
757581647
117602886
799208883
758114194
740163489
791265445
721919523
797997291
703574682
701420055
769585286
748884960
715365233
796362247
117613835
758513459
117534764
768519087
703818692
707524372
701240900
117652463
114582395
117642391
757349306
114638518
757027869
799816732
114916743
117571163
704525560
742976282
706226873
704077866
740947471
757365495
794261308
718401601
117645389
798394805
748097586
745893584
717836441
713683532
795135848
746821074
711144586
701701177
769325435
768250392
758106349
718667693
748398848
723790683
713289237
112766240
705084071
796872095
706582510
743144736
716228346
793810106
712627350
711475850
724090447
795167993
769273860
714897536
116390465
715111900
706691695
794620956
794014044
740967864
703197030
793943466
701790312
706503255
716419287
701969251
743055040
702653371
117997548
799141582
720376942
742732489
115448604
797494567
790267154
708664761
712951462
713437767
798025435
117428221
796167553
717205563
769085796
113173682
742794807
114817955
796047146
759040858
715661869
111415365
791860497
746436449
797613227
741978810
708421752
717478575
795826214
769742563
714254995
719262565
769999853
746567071
710229307
716480065
705137068
112617503
796211070
116818516
700837094
112825404
728804915
746884833
726015786
114508191
116776860
715991763
724529095
713917137
746280827
769349350
728496913
117560905
799207606
741378774
790114071
758755983
705697024
794319352
700293316
791515328
113558141
710707402
712829015
112306832
745660986
117541352
769108217
708186635
115940770
713444579
790429979
743759093
743111056
703846061
701935079
792466607
742604693
115594840
110907650
742694239
741628099
113631798
748951381
117589923
720940286
117571483
794163146
791281967
117510469
111470686
791974596
705543144
725395307
724215322
716043214
729122073
114672588
798528391
117564044
719372954
797408006
757522862
718159213
112363727
740325363
790281652
713675057
114303983
758041284
715748193
116013111
792569269
742843756
726365972
718289005
745904204
743845785
703611430
117752452
116881454
714838330
790993201
742760601
112981790
746398228
115868572
712906586
792963376
746958484
794376809
712582345
717402722
117658672
701204983
726822396
710119762
740682120
743753666
757883935
748412758
706121771
725157686
794453094
703661429
794199850
799204728
717748193
114752758
717367133
116007270
726086029
759602041
743168527
745759502
758582052
742548861
794624522
719821491
798016192
113898725
729382407
757426768
759345473
743379200
742681478
117519297
769474425
793701426
795305560
710583877
729783698
116985957
115471052
111478560
115686498
714831047
710554976
757364763
708250825
116961131
117512937
724277169
110669403
117559917
742361953
718236276
703925528
114167952
117623239
702662051
114001519
706683861
116004805
708127978
110711838
718461976
723816876
742835311
712291518
701831727
769813954
757126709
740354962
728394239
740018091
117623176
797438954
742872383
112751726
706104563
769358362
740078341
794557264
116439528
759169589
792405225
748940067
728176489
748196201
112090744
112311157
757646461
759341249
703809239
113902410
706571294
715328934
757394046
769668912
719234465
117492589
748881606
740154141
740861463
728800731
722854091
713354065
117608759
114400304
769087461
117659283
706788195
116793951
717948490
794194634
757471638
768738591
701536789
113169674
703785938
794101458
117595380
728950726
745511047
792605365
720634253
796943418
705967845
712248293
757713785
710196733
701063558
742773724
727072547
702404184
112744325
715657386
702116067
117586120
117654562
713049350
700882928
711690522
114408580
719102863
791194332
743157943
769556889
112406603
706280634
742050185
711858434
112210593
757163952
719618690
718926079
759516078
741384527
702582491
710603535
705822765
116908075
795802106
728218976
796998186
758568710
710415757
748067104
792214936
706349543
748545472
717210325
742751004
716613559
701464214
758618802
769799304
712902398
710431193
701684332
794055992
791839668
717204964
748878782
113595020
790295491
729663644
769644919
114667106
740504981
794833129
714366152
111709963
112366560
758145189
757514382
758099728
795646592
705035379
759720082
117514575
700082945
727128130
706251562
701109111
791670705
797995983
710959366
798937341
708314959
790718809
113901265
742822151
711703632
723022971
790905984
758616574
719312067
796905386
746722877
792992782
769615311
757113681
796867991
706034561
795309428
792087380
748952457
792203227
712154367
116993895
748215713
729151343
718727406
724499536
741529790
716831378
769233437
717348111
798580987
112400947
117657955
113122410
720745370
114699807
795563075
791961817
117478448
706022356
704695551
720425182
704733425
717002253
758536837
705730783
117608057
793543651
769059258
794740572
759959380
719366695
707877178
117503114
117657258
717539540
794626546
702134351
115875184
717655235
117581586
706586268
720467122
791683001
768513829
116796513
757490336
769671764
748953139
746805208
758435512
796547611
705400399
769759509
117663232
758769179
759369526
746150782
115510293
721740900
705081495
796411905
706091393
759037016
117648104
758082180
701982129
724369102
748246991
712671344
768552382
791494626
759866409
748851756
117585121
794321674
796365811
740508972
117627390
741267527
703292297
795502089
748442389
704973487
710212807
768447852
703238916
794286383
705102766
117345815
708274093
116547202
702817320
713574675
111680960
790762186
706738505
716129564
718653806
704913795
759662318
742981143
702792691
701692276
715601987
769162095
117587709
746180098
116982534
725339578
728807334
758881180
791231508
793819184
768730957
769230705
705882103
110872653
718330665
769620843
790611185
768018085
792621905
757453381
112086604
729993480
746930792
714049657
718404581
718382377
798076052
791740323
117347053
113362891
792802832
705174195
110604011
746546940
114283045
742194939
757865284
112243424
116695075
759401951
713530409
112140063
768132041
110063952
757494403
768401625
793897148
758077603
701124664
116024149
759803208
741848765
769047351
116654865
713889681
112646951
117158196
745324111
117562946
112080110
742419527
793551882
723472836
795475700
705697004
757834153
746648203
705924200
748848982
759592870
114077260
712002175
708109649
793654102
797216827
115370127
743657319
708544126
713708698
111218417
116621049
116052919
791418214
716533509
727012326
703626877
790779542
114094543
113317592
116484543
114186945
743910884
112767176
712360236
701632711
726352421
727067077
714369899
726494260
717451865
705560593
718601089
717818318
111275394
708831673
796447671
117651673
742031679
114354321
116499992
114543698
719850356
746862506
715562534
112647702
706545978
743132804
768528365
794968432
707620905
746136175
114095697
769747417
724731038
110172111
729856599
114095067
743152485
758635096
704437662
701107472
116516532
725881457
745270849
794489541
715732738
704810131
701499338
726152427
115204038
718075810
769368055
708293184
708992944
729944195
112481737
748326080
757501055
748003521
746215648
114260319
745438117
703987065
111983142
792970257
705574993
716193578
117659013
112882504
740328985
112057957
115814248
117058064
798211389
715653943
705586871
746932455
795021541
114235081
704870434
758379073
114021171
117112858
117410302
746825023
793978733
117718976
719652181
115618152
757499137
795978281
740631306
117653907
769025190
796873269
704310529
745242364
708918963
705373936
720154345
769354560
112006115
708843825
748885482
748200574
720608276
791959255
117570205
790576124
701909197
704492203
794524683
796423729
701909368
116904196
703343488
113533207
116935417
706920522
710790668
719472756
112448871
757736574
116513581
116499085
759202955
711905580
797781552
793791870
723911490
116033876
743806726
745553316
713670083
116861157
704380041
704356166
720597222
116795187
117646382
791162937
116020981
758536168
713297822
701826238
740384764
703653386
725774820
757896021
705580486
111402599
743804392
719841301
713942673
790468438
790293508
715334840
701663708
769365894
793002497
117698335
793548403
768106419
746837205
794282519
729261983
792980902
796094363
797554264
796984589
116984556
718562804
718669827
757681396
117580481
748622471
700849501
713652953
745003015
716207666
720695113
117660418
740199742
769485219
712823249
117703497
703347038
790108010
114356817
117136817
702049173
742069108
703994146
729457450
719304145
758226183
117668394
768274298
795826904
111672804
117142433
728286253
713283992
757654390
720153502
759757965
743795005
793295164
116442854
113179433
768125445
759399506
758990417
740275608
113558115
792416468
795917326
710318895
711441370
702822245
110966570
746452590
115070206
799248169
768350788
795136902
797262561
702362885
117619961
116037889
742442637
791967833
116225410
114281925
701172659
113878726
113131596
110964020
113783834
117004173
746205123
741618062
701768308
710786739
115417747
712376506
111260474
758576545
748993071
793403325
701574976
718464558
795456111
793648710
711243012
707509073
703225546
790129590
757357731
797719439
757030190
746767359
111258139
714363052
746961384
708587554
720623270
705258885
743278545
791286512
712750616
798034930
795467871
117654804
714302595
769824612
757028249
724393794
115868052
740263568
717260943
113915288
740333807
115237240
711704757
712922683
702873781
757758129
113447567
117562249
701672588
117489252
112514314
792258938
117494861
796243362
797435145
708826976
710671433
716790232
717593562
708727154
719670368
792843180
729682224
707119796
721920067
740707745
742169825
759313334
112031956
758898724
718108852
111564641
116565301
757265389
741628705
117488868
117349439
700749415
728433956
791639893
746754786
718085794
728671073
743412272
769489597
708659425
117578872
790015398
741935778
741374674
117578239
710970592
716360839
701598096
745164901
114001667
746778830
713353308
748260776
719854202
745640654
116575130
743950402
796394459
112524075
703210827
740967810
719530085
113457463
707451648
759026007
769862246
115729759
704789352
116713983
794189458
115292334
790817260
116254294
711433256
717850557
702890167
706429440
740726493
796780653
703335694
117571701
769681720
113280810
718468816
748263237
769692148
715429508
796775128
110678164
701133795
702704195
702512767
769346101
718552531
703671776
702888417
758898786
748773587
113564389
727615990
716193794
757045493
798951287
717987302
723674363
746927587
727714985
791770037
790987907
113585167
707258604
742670079
725863267
715982267
758528341
115071107
743766478
716199883
708444625
758070948
716603501
728721618
702430931
794741944
111466354
713552912
726497960
759336967
116613692
116627308
792006998
723297007
707993123
769877878
700517894
758654061
793917698
792432202
116549918
745186544
757475567
727749153
791648215
116442361
704383126
791581508
717319679
706939308
768421281
116527804
725127249
702723698
769773610
725491675
714690420
790187388
748751814
794221786
742140672
710666053
790671093
112634190
114724848
117321490
790738056
748250326
727750693
707825678
111437071
769221251
700808745
704834582
702863969
700075689
113531030
742456587
769523579
757061381
758943640
115455456
705935770
791317523
794549642
796456912
719598925
110673334
791873320
719764240
797874218
757099475
796691428
702386038
710282957
759995609
792071091
715729133
707967229
797132397
117441220
729531402
757803849
741552789
797781515
742966465
722549372
746943238
710130646
728466905
797437606
799180917
743718628
768947965
117506023
768029735
116030867
794749981
717081489
707183087
718189055
757813336
702004758
725748061
759987726
757370496
792671373
117510453
729155513
792642341
728327870
702347916
720945231
711148416
741047210
116579779
116626421
114764860
113673978
706485474
799332763
729250279
703788122
705204393
705814392
758594958
768129487
714688276
707315845
711709954
723788392
116416833
741585115
700563101
706885238
705729464
726754934
797706634
794158265
795332697
722751493
792649428
740738109
115929595
721818111
702546748
718112827
743370214
700486603
112118331
758527573
110898293
117437699
724593109
740440057
728460763
116618235
708519053
706775029
113878782
745893279
743640106
741099802
794492320
795776901
748975575
701459772
717142812
741985048
703624930
703662587
704719393
701390984
768011862
722674236
704557714
714637106
115099389
704868958
727513372
115894538
795958062
723703882
703437924
704905761
727030879
114031891
748022719
769512869
748968149
116594872
743498144
705102781
798251609
111831273
759521682
115656333
708498317
704056896
112658934
716202976
728812745
702827621
743392391
705121359
723592751
718802644
708029663
743523299
725293988
757756540
705771407
112605752
116546572
741050648
707602330
116980563
702095962
758265766
769803471
741663422
721926437
707632846
114661619
115025337
748630562
112768693
705045694
713619766
795827306
705379658
713505300
708254043
116508839
759147513
723726902
798323397
720988929
115436354
114737428
117413656
716819241
729721018
705712547
746553126
791551363
114883294
706012724
768570524
792154117
757176804
116619357
116464879
701237820
116640700
740629768
795758924
768893778
704537329
117489619
708787176
795327660
746789562
740271169
714544848
724558185
797515921
117415007
793488479
116481493
117495746
791732224
116529376
792967309
729099365
769918345
717429336
795761357
710338275
117488199
703334938
116361394
705462717
704914123
702365972
757298014
793703405
117519922
705355572
742539657
796295820
793765804
794476826
726463869
769692452
723565031
707775985
705164292
707198304
707319146
117479840
714560430
707178054
717577283
116455921
715591737
768319046
116596093
701996574
743623158
768986401
703518906
797116702
722752897
707253994
707868189
798348576
742545646
114345136
799179098
724494309
700936025
721709704
115201572
726635429
700137098
714229230
708013867
113693130
729379147
117426922
721319714
729023989
741830865
793829445
714064987
701719019
721864162
797254868
721918874
113634221
728396442
703589101
713852695
715935603
704991664
742365740
793578713
758699268
796847498
710924522
716644849
113920215
721609371
741229742
712702178
714609919
716561352
110641369
116767688
725315279
759026870
700920611
113077682
728164523
116473476
769597099
708287174
792846030
707895033
116701176
706096168
791895011
719263163
741298455
707155374
705657994
748256568
748595232
758578250
703299276
743785612
114238260
792108278
729553245
742116032
710597409
740119940
794124611
798893773
795885076
708990030
117355272
743660357
116609835
700690473
115095747
741870748
740381283
796454816
117652939
743036741
798479466
759493695
745011382
745576014
117552909
748760752
117094956
743013834
117629912
710785810
113997935
111718425
713282579
717670502
705458675
117564531
798937737
117971137
724642327
116146913
718089791
117619159
740658404
715354693
715099157
117688653
793770704
768962893
719228306
710791303
112632501
704873010
757506997
748332987
114536709
748401177
797854626
707649408
795901904
796898796
706763127
769858948
745241283
714110407
797692694
114865077
111664608
758488092
748498243
758542153
758335885
117954705
759637812
116633800
724611578
117958432
769111218
701378824
793053387
758734039
743264550
116087645
714920738
729924717
708639308
708276561
704087155
799217136
710461143
794763704
706167503
713137448
116983772
793256796
790322954
721744043
703997861
713213553
723146806
704821134
797988582
759268604
110033556
758327068
797310257
705880339
796716740
769558439
743883268
740689205
713079219
757073326
116773448
796925665
115452671
713462381
725065814
117611084
743499142
741052568
114341625
796084133
769564673
724413037
759799437
790434931
759201355
757047022
742115812
729546771
713826803
726926342
721803970
798752166
745729435
715106536
115846358
727064336
113106968
115813706
705943814
791843889
116510713
720485968
727049535
792065189
702553189
720473432
758472119
117612315
791553782
768217892
740649617
720475579
759763237
708931253
758639258
117999008
112452608
117967401
712734526
797415902
716605714
701312186
114195248
713486100
745063749
714214955
748732347
701519311
117003636
117529287
748901398
113427018
746671994
795643785
117400812
740517358
720589571
718502636
117760711
113404813
713385410
745980165
116927004
117157349
793065610
769898454
117616490
116255269
797288912
117509219
708886515
710284693
794921903
795844162
117482191
714016654
704023122
720687053
797762850
758871859
711261397
719303504
114001174
741857426
740601948
769972852
717253212
746777653
713628674
112994394
724769334
116181497
728289546
742217887
741632972
793847957
794420584
757441202
746336628
791812638
716074987
757724976
759718490
794688606
700203653
707463708
792845426
769456907
793883694
116569524
724950854
117972661
701917744
116730127
115690178
711692906
701952974
793304615
113172030
728543358
714136318
701604422
114623064
711900455
115734093
748377504
116424062
768637480
769190783
704064869
793803743
769691120
768994214
748346739
795068719
791233276
759914182
726920273
723584677
116070441
791524883
114003696
759868965
700904298
791554354
758288661
705155351
726270284
703259264
729441986
769483749
769394881
768133706
746704310
797532816
792295966
717389014
768504094
713920977
768265476
116285125
746195538
727801260
718462218
742890295
797857449
725563784
707480273
117604053
719542163
769951352
723475965
768869108
717660186
746053169
797248711
748815041
728398506
115501353
717500532
769634389
746976092
717379865
741116089
718770236
725894133
725718975
116022650
718116795
743776672
115739134
796604448
116421589
116056025
117561022
740121876
791901253
117478094
712248184
114400973
743895569
707971278
723891621
701848390
798088851
117564603
758009568
797112269
705705328
743683428
703875611
741462570
741096970
745337417
722786738
716945211
797152565
113645925
716204572
740922901
769813004
725014751
701986398
768765139
701969213
715338909
112416247
746042907
791973858
745846514
721139433
798234368
746448630
796243964
796254075
759012974
116548918
728037429
759048095
115073354
715352149
116774154
793719934
712778961
701973017
798032061
794960948
748836834
795219710
719769325
759589708
700808620
742018056
798175626
741834932
791338035
115441028
758823621
116174600
701678487
713461187
791710900
718301048
795705426
702672604
748330979
714186528
114183616
797070813
759532124
117637165
706882603
720261395
113402187
768404930
117570347
700796651
714093492
757624728
702709359
745641511
742006879
708015746
713005067
703738680
110919077
790193049
796375073
758269236
115570256
707948193
729742442
114268856
710708452
741794144
791520410
796493179
745705797
116977568
769647708
721876774
727396716
115555196
706786734
759746375
797261914
713346975
711810594
794186368
714164786
114421287
790937792
742185501
743684149
717191459
729124982
708789279
712945079
796702937
113501108
715725693
715757563
710161895
112408910
769056542
769916938
724677317
115927198
725910024
741239131
705115010
116015387
711460134
708080663
798614599
704423860
111228766
799010911
748245138
117965907
701576520
769374113
793071106
740216635
792933336
759388180
725830798
703618876
116928851
710569489
116452961
759628713
797847727
707484069
742610324
746214313
748916398
706765729
768169718
710699598
706295613
117481251
791709779
710456169
769654597
703905369
704297283
116014808
792437546
116630528
117712205
712504957
117410307
702810769
117564562
790536928
746096065
745717752
748942568
713604812
117388999
795276113
748567819
726058934
714852490
706317506
701558398
759103475
795874114
117480664
704174729
114655201
713245562
727803890
116620760
113439867
769640271
769156142
117556410
757276796
700570714
111728161
792997220
757948720
114488291
727895856
718722764
743702910
110983974
719741047
714964110
757000391
117632697
114746018
768863265
114327593
792949167
791584539
110392166
790966845
728352708
718865001
742652397
717603535
791704946
116528464
114026496
725542860
742296537
797827153
715115692
114534335
729484399
715883806
742809830
728845146
768197961
743212479
769553538
748283950
116927399
757347183
745402038
757982842
757781363
117510703
110713781
758901148
729127499
116579003
114484439
759094108
706657665
759713302
705621395
745886181
117965362
746150445
748397016
706190761
746594786
791285734
793034392
711900517
742648910
741782044
759153424
792732191
768977995
794723987
798050484
759815994
704801558
116519710
717434821
769148645
758479279
794654247
769813307
790854601
116527948
794239842
117576296
701712872
741986600
728508161
796484786
714682729
758465420
791898043
718443789
716688343
741625773
720777819
117595157
746738626
718223996
727755753
797932603
797856459
743361210
745271496
715808769
743472415
708894318
791816478
728823629
704037954
758210735
117593429
758959436
799478398
791827615
114366791
745369189
768259664
719562067
791938807
746909833
748131183
724779004
715036913
746579451
117508385
716213151
719770569
757448268
741458301
758265916
706828727
793069145
742914938
748511376
792841808
724285675
718775047
117022681
716723450
768625873
798765336
746631326
745174997
742361466
746106972
115982273
706851056
116479445
116468857
740212384
746876759
701381548
110250439
769180289
729892699
117480386
704279200
715721739
704056949
708650672
700543439
758227863
702954179
702917050
700422168
114595647
792429697
115737609
797997831
758447663
707240130
703668582
741620759
792175488
701506038
757434526
743414851
742899867
716806243
790570619
715886449
115672369
740791259
714667309
718544381
117564154
796209388
740759495
729308868
707264771
757416997
720131596
748705385
710679887
740314227
115966529
724561070
758494309
717901028
757689623
743274266
702915844
711549344
748957330
746549745
112448158
117407198
759359539
745004185
729807223
704993529
726273698
768102853
740420295
742310061
792634386
708674702
716987239
743287451
791275452
112667779
769974051
768663125
795713133
717088173
794512843
746850019
701400855
112594968
743714592
746783508
116357809
117494418
713814861
768392517
758407368
746992597
719697770
758380194
728259758
758659361
790260039
727671898
724296154
717748777
715986707
794110278
741189671
794553353
743550586
724735625
700817151
791478686
743922185
795842017
740504262
116776645
759273321
769361437
717707446
740198150
116909365
746755966
798337756
703827178
740701666
796366894
701520736
707727648
769142580
702879913
742326483
743971742
799297483
758639059
703143795
710745721
743356905
705857224
117600140
743861170
748847453
758721388
711998408
742628364
717967843
713424289
711933243
745679602
794944180
791858876
799464608
706279057
714062300
746204526
113452056
117637924
791833566
745249309
757406947
723079536
791668004
794148281
711278858
748846793
759239682
768552261
795138110
797516911
796442846
759780284
716222105
757817395
111571458
117749682
701119808
790842301
723585671
790194022
702020561
742841508
704945616
112584170
713372035
758509175
114793576
798949849
706247331
796690207
759195889
793922567
703139352
705900782
746855791
759896129
796451368
793812279
745410354
795706281
769884874
758513395
743413309
726876382
113140800
116727418
758031949
116913164
748707593
701229517
116905869
791814151
759853685
746539833
759948223
742889866
718591876
791678321
710756010
705365060
740791755
759441514
719154045
710608978
116896389
725444955
794622839
746694589
758470795
719226153
758115340
706699291
713217118
746829572
791157204
704077631
712696807
116128577
112013935
112364627
742466281
792908155
727581431
742347455
708792422
790098141
741108805
112734738
708992925
791488191
116982468
112647103
740177380
741854495
700498311
117612859
117551064
704530619
114535637
703669537
791846346
116805520
116672881
115497723
748580436
703693728
748989301
745402518
741819815
116504383
740334580
717030496
705354647
116712289
741491732
745797311
791510847
798448301
708949429
718709846
746033406
116360817
745768049
703330187
114641640
746645165
792519169
741941694
746704872
701757058
113744340
746960543
113340635
723346715
113257895
746137033
113799250
116884249
704089777
116908576
742285697
113434263
701095374
113438380
715427995
702686005
746688169
757328939
793554187
742420612
757618957
713824429
114842704
713432054
708914386
796122187
794139803
745985360
117723291
702403805
792800614
116764563
716213865
795753683
701372835
707825598
116966606
710672312
716683591
116762478
759706520
790265091
792010867
797608853
113164482
723505416
117733212
705463522
729665013
742193270
795438723
727429463
769985564
794240121
117638271
721847994
117727781
796079169
741037041
116728809
716375974
116783222
769638741
748427928
741424014
742047833
796714137
748287321
759849367
743397441
793592072
757683162
710627241
113921780
718178024
112532396
715491301
115484690
794302804
758902500
703427594
757523049
716338940
723177556
702143097
117410900
723775606
768649035
116905691
795495723
701870219
713768572
115454371
792907386
741701450
793248454
758035895
706429433
706042498
114443686
117731012
711629486
792833441
792951929
759490982
797063672
111257082
710471662
708476389
769998284
116769314
116788573
715487146
748431058
726889193
707691505
741720431
710589026
796989208
717842563
769671513
768347149
758215528
716435691
711527179
707194956
117457213
715832168
707907383
793301670
792648791
745260467
759913670
728845451
116687260
795822059
759876309
117739507
758611930
116164104
758927920
112476945
715292132
759560620
718397879
116804073
790916783
117433147
792848516
743547394
716289893
718450390
713851858
700696772
718422740
790891059
791916420
790756826
728868835
769272615
743807405
704680075
711432541
794205956
710903639
717209921
768442496
792317969
724596018
117717100
740741398
794398893
711370673
796691605
768431727
713006814
712905501
796163523
758907152
112775258
796906158
706254589
757718141
745484323
708447629
715493506
796130100
741147973
791356076
792054240
728372235
117624809
727554920
726762977
113854311
790546201
759403469
746619990
793395515
702984345
717659546
769469529
792436695
715603446
743205349
727455688
705059422
746940682
758699255
758431653
748360792
742486529
117671003
746306561
768102212
746307585
711504618
117560464
707881866
116285195
112505642
790463795
797862051
713798490
717500444
759319482
726023280
117719835
746948093
729119569
795089674
798360511
798054086
705759563
705873371
743930576
116897934
727496207
795681238
743389715
746829073
714221983
791473017
745680748
794047866
757173104
748324877
746895113
743875817
793599557
798390248
712307466
746372043
790699525
793767687
799684502
794719245
708192655
796368174
791991280
740812357
757504198
791921257
794781971
792158827
768318861
111671470
715433856
719347007
701085715
117772525
740307366
707020056
712027568
742507960
708522173
117797985
758332938
710429646
745204125
740198943
704517577
791895604
703470212
702998562
795019125
710161252
768363502
769458823
704597013
113988961
741192481
727135398
702828709
741932836
769576570
758053724
116784803
116684864
741115773
757959374
796972971
769702930
115806499
768262476
768808114
116657988
706910062
708899792
743737298
705021612
111578585
707968887
702334022
742559293
748993154
746097537
794003394
743204295
708565703
116893195
117602205
715107836
798940205
704568865
113204492
729594925
757908834
113098212
757016350
116664429
116909686
727826532
746810546
729175780
703637419
723720036
793307755
717241821
708467509
748136067
743201945
758272471
742160181
702950454
712828679
790038006
717131410
112488328
743536977
114180992
114208860
705517133
710824761
758868315
708050357
741739631
116895419
768075018
724215963
113053629
115202712
704410773
117691492
726286815
799862532
720323922
710176115
117641379
727462012
116798362
794838429
705199658
714364802
743240918
116780435
793671924
111459623
798885581
758391980
705319431
728123797
117569689
768928776
704151970
117623012
703999576
757085146
746269444
117573127
116681600
797156214
746369921
794590190
745384416
708193062
716581580
740531250
791190342
769635539
717531006
745774965
743904232
769213868
790004856
114294859
704786336
745648313
746945782
746780522
706847812
740627359
706908139
794034114
116788147
748776769
116716175
759161426
790263763
116988463
113065891
793250904
111293212
794159156
759568338
757894011
790350203
743065462
714028641
708518705
768135509
116804881
799343364
790224526
792121525
117682492
117598867
717297785
759623812
114427781
113054044
116809479
719103914
798010873
116680774
745533458
721352889
114360523
745296539
706897065
704813046
720538928
716232593
790727183
116979658
116996030
743424379
715935848
796645072
702296695
746350065
112922872
117709119
796506147
116244540
117677795
758370114
746979079
113045751
706937413
708364392
114242901
743948622
711328727
116816876
769046353
117685865
707885394
708802981
758133634
798235670
769706151
743597127
116535026
759171108
117605782
716514143
743575529
759176113
117685691
715335953
116818560
112077489
705483647
111368256
742699413
116716235
117541651
715453614
745939293
740126122
715769944
792686056
706601024
743217470
714329485
714931697
729084655
717504637
116997370
707900197
706885967
729674417
758331168
743670085
704136732
711214935
799972668
718252291
704641237
745808741
720525960
116802872
703991745
702389172
702233185
748948460
796960483
114070806
705185345
706382339
758689858
799776683
702549732
792426430
748812540
796471607
757619088
704681979
743769868
711866815
113807332
791610264
790673566
768572517
116372726
718721080
794167664
759122501
707269543
717183378
115954282
791545356
727631738
795448221
769507134
797914893
117725624
116557813
799409403
758006507
745089543
791308552
116949711
113669416
117629973
796598905
112073530
116734336
708538518
740147240
716262529
714985510
746773415
796324981
701008649
745424670
117615872
799528122
117782967
706762373
111458090
113737005
798195809
741133620
740284864
728878499
706786312
799431083
703259810
718035264
117571739
701786961
117593537
758219783
795761386
116231940
758070757
798470923
726071070
711946559
116730265
790936803
117585473
745669674
706613905
759934828
758692729
746169122
707811823
759849543
799371837
743699471
117624225
727069488
728257737
705610481
769903447
742988036
741058196
793299764
710826279
112239461
702928306
769339088
708960922
725390512
702491163
115281435
791854618
793556231
743915993
701600776
741237952
708010497
769024093
114173362
116050189
711107646
704214470
743758600
741261850
793286356
117693812
116902714
792406424
728272126
743685799
745069503
758148566
748358543
117561907
704126069
114093220
748720377
706162604
792371101
797104781
758614256
705855676
768327855
757151106
746234215
710605164
798897116
743731920
748396120
798831367
758569181
741962563
701875453
727201197
769653662
116795222
745689172
708460675
708667803
796813143
758297202
117640453
700632349
769658816
791409679
711462670
745716600
712359436
740623734
795204374
716368132
792561752
797984099
708389409
701472427
742402415
116949924
116636471
769347470
714772489
116880420
704216459
758224029
791652413
795656919
706705194
741482866
758219685
716573784
742174654
728408364
740739866
725398762
718576640
746057536
113211243
116697631
116807005
723763042
116777329
117987363
116512137
796703611
727713275
705131439
111661455
719768018
742750329
717012670
117043669
742133349
113522862
742175178
116946651
117732013
718921971
742604726
727235668
769247615
117693550
704158033
794103829
111975842
718022629
796161898
704061269
703388382
701956327
757804703
707584083
112604691
704205183
742051038
743567375
758338785
722469747
790256802
757273962
708679364
757302071
702811371
759819039
728766450
757506574
117493268
117706871
113542696
712595643
115664456
745210543
708650713
790819748
768472375
719529545
704284659
700706053
110981429
742723956
796794970
720284281
714392718
718415647
757879715
715122832
759373362
741769401
115241942
746205317
110989347
743501875
723173148
707067336
796048981
116775050
701515793
727947862
792892118
721975914
746178393
112382106
746526174
769109117
726077758
705526377
748042983
710139351
114222731
743499887
748949918
748136294
757234142
748264856
796392278
740416804
116943183
795061672
792006662
794304393
746175605
759482107
769290219
725872392
740028189
769975015
742519346
113376598
715258277
722610887
701329704
791869173
741276856
740498536
117683527
718759089
728326082
702256112
703925556
716006643
727543366
117550662
719403557
113098916
745746914
708405638
746816619
718219456
793959469
748546134
706027392
116789460
791162607
791234635
111346943
718244561
729015312
795896194
729811613
769557044
703457046
791380699
115373939
758235892
714219361
117617971
115642933
116406306
793032349
705864571
791707425
115249424
792894275
728808331
742114869
718447372
113626692
740374557
791449910
797359606
748412604
716103452
742522888
718466596
113714370
710732814
759395941
743924864
110542705
718878396
759544109
716220678
112147384
718293233
710898184
797709619
718855607
758137673
715806786
716709196
769220240
757768040
117710961
793804759
706023989
768562647
116384570
757183375
718693485
790228074
769602138
746676521
740612739
715344125
743229826
748847491
797550261
790092540
769311835
723101774
743701359
759387514
795131481
707820108
114540935
740102344
742912308
793974795
710615310
746452958
745898171
741596815
757883215
116831561
796681589
799751897
701678067
113092135
725048022
742897788
724944874
741349077
743394678
745245212
743069878
741377085
793585210
116536678
724632041
115218657
112083292
757688908
757081147
790823656
720448340
115367774
745479124
116698198
718577661
719215869
114585614
740399041
703204296
724130131
708963679
741471286
117799976
116624563
746082414
768129941
792003260
798083045
799603758
759956874
741607865
116974527
759716871
742715693
745563359
768414971
116827147
702604819
112147265
797347885
116805748
113393702
711855215
706344176
759514806
708928946
705897010
746125779
711179470
112560569
745736964
710421848
746459406
791852213
728684186
742081235
717525503
791648728
795893594
725649155
707124748
707206087
116638456
795930134
791509455
710124612
745684393
796525986
740626213
746304983
712308434
768938157
748810541
748274477
790683467
714045393
793573968
715487259
711327829
758688523
757256596
743304602
745875606
712813926
792723401
719292705
743038894
746256305
758753021
794175271
113222580
117578236
743980805
718943188
729649560
792378460
797918310
748783709
769348791
113839002
796809124
116681401
116904618
758465014
711136937
703839734
707189600
742773204
702908950
796156553
792331965
116602544
742019251
795312298
114129814
746957325
111457396
700618344
114611385
116589653
757209795
769408096
796838291
117980035
759267408
718530345
746967126
117668090
702525640
743083781
792669548
701273455
116943178
707428178
117488240
117755881
758061995
711458294
796162172
715348932
745579569
796216974
116993434
713297841
710187548
713016327
797695067
768551048
745552300
740790668
748306594
718426378
703946363
116708020
740036449
116961094
704178782
740534790
745968389
740710618
724630312
792071661
796122587
769139470
716265204
715698130
717642055
759086056
740780948
723492058
702672089
708609382
790454773
116785524
799434377
117594543
742871889
708014895
759281902
725344962
707537258
794656579
791263695
115865332
797267424
746653307
728044353
768333762
796233447
758553477
748954312
759012105
729250887
701424386
743238229
793743525
705391082
706029694
703717239
790716740
111455548
745725231
707263849
111318292
748951326
708058957
726364526
705995867
740431131
758682691
112362334
725774528
768293342
113102740
790877219
117492593
117485998
727032843
710409607
768327902
740887490
116822528
793984364
748425666
757152369
116489509
713476773
114078123
769126323
714532493
706889516
728113879
729102811
715216526
743474905
116425726
759015292
791294768
703910756
703773753
117567789
710845985
792069861
795740932
792816526
743528594
743661445
718955843
717761045
757106664
713447355
717520972
714399692
117454352
112933468
797311785
117421949
759376831
742090855
716238646
114851753
707792911
746512979
757265309
705530988
759775698
708781335
743964108
116954926
116008197
713013862
115361913
710559825
116145381
117262446
116754200
726251494
116547372
759380665
702975090
117667509
117687819
702426859
742301247
743619728
791678466
113272509
701649644
116941233
116853706
114974176
768385865
117545768
740271662
790526865
111383890
116756893
715943739
114836006
742996824
710324830
712899642
794242650
742424559
700584329
798181095
791979288
769218630
717950687
112658713
795225411
792201693
115968587
745421146
791747749
112298792
790403546
795050904
116930163
791267909
717995139
116533015
741952432
768003528
112891528
701786259
703309181
708662407
729322868
725644965
791885079
759403707
740355107
116955587
740991298
793772190
727297487
748341494
713263474
713169507
713700862
769093552
116131658
115234452
702722817
728747584
714637369
791983139
113962757
792182631
794341379
769249327
796093822
703834521
700376674
114897807
114513334
745684818
701641147
707762385
116852263
768291880
724917071
797451823
114447018
718839942
113926945
721102438
748696178
792173880
793946758
745200367
791673157
115658677
706565758
759082384
700412445
116713546
725829934
769158314
712201857
705658808
707939568
745048814
740130318
708811486
117414505
746383811
116494599
795038294
748359152
711346296
715725104
724881062
708812625
712870569
721144003
725912957
719296938
701078527
116898829
759560962
715270686
792228946
768138546
115771423
769820879
790651945
728804552
719334129
707925803
791326775
111481932
111966275
703264066
702131572
793561581
748652151
705850160
708040079
740968142
759042917
790951522
712463147
721406831
741324257
116496807
114977096
792442432
746509045
790618067
702588142
769873057
748514670
113860573
769916475
798825280
759560138
114947901
707364664
116478384
711985641
708415993
768664566
116897780
706639875
113891490
797822108
114346616
740359162
748522720
769356739
727646744
715398086
757986052
790516164
708138274
701276490
790526561
111925708
759259249
746710832
791709975
769023402
797314178
757447268
794650401
717806214
727358581
116869684
717676051
717940122
702016978
116563722
742856627
116805445
705149289
796081595
745563668
745077545
112641315
705726613
113421116
748578299
117641199
742038162
759190358
792480121
115862236
758344704
719438602
720412177
726153268
799667814
743608861
791287860
794738117
726869238
703581476
743474920
746393133
791826348
769633362
702430413
791934409
791352826
791064323
793816173
793658058
791163575
794445613
719414072
707851167
110782791
721737901
711153172
115628820
797722749
111254347
703247671
703353896
718218964
740227704
798071858
758231480
716139460
722615274
116786484
706291030
113254841
704579446
712755466
797880847
742097952
718329887
798103484
115818872
712821520
740283152
713679556
113859138
711473282
758959542
728131418
708762809
757458782
748018465
116876268
759758728
116781864
790391650
723361107
794043670
799213455
727213594
708132460
708859236
792390154
114291201
718154511
701441504
758962183
700882531
726938649
110593042
759151753
711759711
112226284
741551760
794975883
792182571
791331455
797214696
112669841
792582765
797976293
726959284
741894585
110639018
712029158
702739519
116950990
114106817
790192757
717436675
117528769
701692623
742791535
715602093
708091831
797888950
758947144
713665409
758305335
112856599
769215110
713616080
792510135
113179984
112517364
715193714
799685128
746674989
799307092
743934453
745721948
796831907
768199468
792780376
711916537
115309463
758670645
112340843
796771972
746344998
748291319
793680849
111595276
717695124
745567932
713653817
769317398
792517522
712434150
792408591
114735192
741097502
790294361
703173187
116559175
742845103
717397572
794404872
759450990
769626830
703333810
717140833
112641010
745094125
708610150
711483652
746231721
705758484
746472208
794558373
768963634
707435608
790944490
116656196
116663921
706145563
708534277
112546244
798258653
743039588
794046079
794409448
703880929
113296376
791317899
740316923
112760708
718306260
702999667
115737538
769060231
713274987
114689185
701314026
724685150
116898674
710999185
769789720
714587583
790588442
705400381
768617625
798016351
741895704
706736209
794090059
716796075
702652444
768103785
791615470
757354229
111605550
116662813
721426275
703730857
707325404
790829900
798055588
111358648
708987539
708187686
708042603
741747046
111499294
723583463
758020828
113448463
795528592
719672582
717712298
708245746
721383978
718762347
707416336
769257955
758739772
708021550
746551468
720851273
795628588
116498306
792876830
117690428
759856745
711713142
716537808
790874955
758117940
797745784
111969277
745981349
757936871
797597108
759469707
703984805
115507997
710661226
748008139
743398785
758733141
748203999
793017644
796211554
704267413
759454704
114791737
743911509
117742613
718220456
700531346
701529114
793571598
769397561
769713237
727034981
740419455
116954634
748823044
116771923
729816590
768151350
116339958
710949183
700937466
117252544
790072880
113357017
790871172
116975519
703446704
117020770
758464961
769672114
706903263
723675186
116771795
748938690
799118411
719559958
704399943
768636706
707661779
758259886
790936127
759734177
748476490
112106543
794402630
791414345
740510001
790938640
758240192
715483719
797050678
112280492
710352370
112959458
703140920
790337019
704172818
740231551
111914692
745907614
116910859
114081790
718032995
769646017
746798230
741203279
758040633
798894689
795005181
795371803
112830234
116621086
710249057
715480109
116855002
116366333
795416597
797632771
799756388
748829114
110991814
743146487
116810336
710856218
758964766
743214093
746877761
712259520
708936489
748880535
741401190
794492997
790444938
757624265
716471954
757785674
700542596
795804393
708664406
703255287
794206168
791915313
795161577
799271973
116927420
746958136
718931072
714432531
793286211
114633437
795525421
793577640
741524024
768629439
794768022
714354718
799230615
715550040
740156420
116686629
742402864
793679958
722317328
794510578
743127922
705083182
705762746
705292545
791409789
704768933
795219683
742966316
746569441
796425437
797275057
792249370
798690953
790493276
719620239
700027603
714897501
748922907
746587198
700726128
116887356
702600155
792245375
710760874
115506702
791798938
740887260
790933491
757151898
116152634
116476289
746879770
793541379
758044607
707183378
791738324
795787139
701466336
745278577
746986203
701834067
705341798
720892543
708090300
758480183
742967114
713710776
115791657
117757425
110979072
768961869
708214739
796149563
797646218
706050937
113071753
745382110
769691860
713493006
116676537
758123857
797518645
798428754
112789738
746962547
741729982
117766283
718971393
796951570
769698093
708869537
758093234
718628836
708364984
708248807
718037730
793945870
794889613
757133614
743469559
759500953
768998278
794400975
790141172
706931328
702462874
791978116
703900582
758076693
723804017
116882147
717691642
799019421
701798996
716951432
742851900
743260744
746704336
793382145
795182817
111545130
707584673
794902497
740642768
759811576
748355924
708098418
759687802
708118269
113966999
757572496
758991309
116894757
758052126
795572512
794043728
746091889
741226773
758017703
769749783
757492123
748213551
729431078
729311908
718406489
741062537
769889147
719608814
757822812
792153319
113332473
113805350
115381273
745255758
705645173
704814824
759650474
742221820
757830767
790854193
113295547
716759487
746293594
768094137
741426189
700118768
713471932
757266497
748460992
769495793
114596148
113692681
798194369
712276419
796859839
113235956
725071540
711944035
745952086
768163144
768114302
715036881
715342187
717665737
745352120
790293604
719507933
114046414
728385834
790254005
722493274
113604117
799286992
727572845
724647525
710484683
117179084
743822947
116844596
793997853
799245723
769548749
113113899
798460288
768377587
116897539
796504228
746308267
790823415
740948064
712691727
758155418
112911406
790485543
757507262
116478036
717526113
713881075
797897504
701977608
768549913
702981458
742406159
727993867
769579059
705408729
759570418
115395916
798826610
797550164
790452579
791496580
758526039
711205669
716383571
708898597
117593793
790818284
796206859
791905305
708176502
794031618
116711788
796354122
793323694
758703226
713874386
706832571
769747464
757509383
757350910
701321882
743236586
790921016
712608281
740177454
741247245
708010188
797691740
705272671
799867782
116671177
700197125
717699483
741380691
768710228
741495142
705472765
769809112
768302853
790129297
110582847
714854103
797883548
711703263
116921594
758196460
746892387
116528911
791997786
117221869
708571729
798975208
706245592
700636982
797538198
700061714
703271509
758928511
743467390
743360228
727170334
113612293
743768935
115967265
707930397
710826809
116795159
111685469
799470862
742361611
111816627
701279774
740899009
728016929
793687013
708730433
743111269
707670831
714052297
759541947
742559251
791808741
793280933
114977211
792035349
723596102
116746925
702395950
711964219
117970471
792295732
718748196
116772945
113971027
112521893
716943941
713257091
710700618
748723854
740151734
729382658
797482398
721845786
741613551
706938295
745434040
796523922
758042847
707291660
117665611
794197486
745383612
702957324
790726224
792159406
748679931
116986172
748338049
707830727
111946016
116934539
116858834
704560537
706409224
706805801
769163353
748621281
796697521
745004547
116553164
117741942
740540175
796684533
719472396
717912836
748993118
707877428
705358041
791315116
117689134
759450133
725681995
797957125
791195213
117763574
793678644
710371905
704238911
701129604
769333048
117445488
701341195
713463910
702578021
114393099
796832376
793782008
117701048
746162938
743729925
114045090
116768056
713230011
794431549
714371092
769237693
715638687
727744576
708070092
116817370
716965014
725140265
790394681
799524526
759948623
707094246
745428117
113027213
111497685
748286162
791827817
727912805
795521639
713234595
712345037
704441810
727790414
725847999
746974582
759832042
740128336
112759186
793033972
701718775
769215934
113454728
700785401
116783819
742565712
745037985
794736110
794382348
768458843
797738175
702240899
111836781
720600887
707309279
768813527
706076497
768988018
792783727
792987479
711998779
726595637
117707089
708844995
710790361
768049760
721297396
758939287
757903676
743374506
743113615
793937031
768352183
113757986
798016443
116682697
757725493
797468803
799185601
791574954
742815578
768749872
757041184
704540110
708985601
723133637
708642974
117680123
712598991
705128661
111432307
116904194
714365219
112445736
701944455
114378633
717867148
112749298
720554104
799669722
713952741
729595735
115272738
758327984
758875769
704261407
758597894
701577541
741751463
725272684
711715699
710758017
741584859
114343362
705892914
706315991
717346260
704660204
114108837
748196952
757648228
112701398
715855924
116560031
748792784
748273710
797789449
796143937
799409880
793278734
112062349
111835897
758258794
116664526
768878815
116961789
757571721
112865377
703762458
116569423
768993874
791694773
715050390
111993187
703191938
757496701
794915478
707443112
790398567
115054647
741671817
759986429
116973961
798824346
113335606
742393672
743760804
742591799
746725356
742262870
116808738
746909687
115403995
706727096
790968544
768620542
748394480
719503277
725475627
718297646
741586652
797079161
757828191
112190874
707415830
705683099
112642023
742904253
748697514
768610438
708525501
705799533
798060324
117766669
116648079
741496159
769181350
727589783
742401563
116945121
704891862
794264281
116517634
710920893
707331667
116682599
113611791
758090148
757644821
703625860
742264596
114893196
795991015
757962301
707655907
115932537
112962945
115272865
793459517
714860780
724967607
796097865
748783203
769992576
799233488
704254090
712025865
746176562
700468268
742319004
723406296
729897268
110885351
711814172
705346853
757829935
710323167
112895298
714763281
792358774
746079598
720723265
742199516
726139378
742412603
711882810
740550533
742769014
748071464
758906995
116727029
117220549
708640532
717573311
741442610
713521410
793948814
114096927
117644261
741099872
724833783
745851749
798706714
701783995
116519150
742449784
724387005
714379463
790975849
714683805
116921841
705789602
112408445
740559263
743625412
794028260
712322289
742243089
757078331
702969829
794882758
758551752
711702579
707665869
117040369
799183628
718683444
116514812
768800576
745770332
113805207
725469629
717442548
116843921
714350134
115922818
798593129
759557653
743619329
113207842
793578752
705492931
718303276
795837942
746271720
708506726
116717586
799319282
794706609
748376559
746639878
724899066
707804159
715035136
769835388
759751524
796748304
701768090
759790978
742515143
746665761
718281256
704239795
742838723
791728355
725646963
743152381
117538932
116831523
721165249
725232595
757963986
793958863
112532815
757927018
110775207
790211691
768424402
117682487
748935829
116634309
748488435
797423298
724346674
702379153
794819877
759047707
715829617
115214179
746523157
723622403
748015865
748960314
742829927
798034036
743579945
715906132
741418252
705751773
714755491
701232709
711655032
707681859
115409462
116505275
742942850
716239028
793771173
116942893
702171409
758861291
798838055
769539725
704338884
758542816
796577582
729693528
701254915
794118385
790343808
793032745
116780037
703912676
116589242
790298690
797369704
711983558
792292763
116765427
799079328
112964348
719680434
742471591
116993405
117426649
740584416
717311125
718490263
742078545
795138407
112599352
718652642
713753239
117747694
757345745
116467543
790887172
745272132
791803971
701950575
797229408
114928601
113810976
746641726
790648376
717870365
700642275
798083735
743317604
745533820
716247925
768278615
705434192
793283839
719249352
792536093
768575468
799286550
757617021
742232170
748257168
712867684
710813940
702811852
116965873
799379874
704612801
748755081
706394074
742969519
795994078
741762584
723108804
706662943
790349619
714519412
758745275
757369731
745517311
741124033
702681853
703494830
769254172
717115091
710706385
743763635
758664296
116929228
708603519
702285309
112298179
725377808
740696706
700399805
791972996
728561035
112303593
791282259
710982197
117188907
790612895
116959946
725213458
112198541
711181294
790354429
116974593
799961728
703754058
729124108
114054866
711708396
748485776
793407694
117620891
700443687
768053650
114490924
702369152
794827923
113497482
710245686
707638762
794661861
793394119
794307355
702885833
705246538
758641614
706344273
720460819
768429706
741898413
794571435
797604895
759219741
746944658
702601789
718418339
748605844
758999220
701161933
117598281
710413068
741672407
741892919
705784021
111803081
116818177
759873667
740857334
794158373
797332172
796554109
741975159
798209779
117758853
701101899
713548398
116420941
759476178
700787099
797531691
746543610
710604885
116006252
704768354
740940944
707018955
116018680
740578823
790956691
790870293
740286078
117677706
745935664
115863021
796480270
795217545
757624297
705757744
757624735
759048635
768052453
707794321
746235381
793328211
716691349
768032699
769102896
759529406
741095751
746706318
702266535
795987096
792424917
759077891
768731567
795152353
707649264
700461374
708445542
797069695
793807044
116647078
708494684
704314543
116425916
758043933
748829372
111339775
743717893
740875209
704601617
769731726
748871836
768631623
702432125
790608708
705241318
117729580
713586597
746210643
759607480
116995691
713882682
740645110
745866190
708283049
795881570
117708630
748119194
112268725
115993758
113839675
745349470
705150223
726994080
719882596
748931602
116493913
703665381
727728567
116302035
757259943
796110932
702964746
116686564
702433621
116966487
701827859
116773708
790877581
704699826
117538335
758345844
798688672
113850438
768384967
110688379
714816127
701122671
758185878
114590044
748613474
724924341
708502721
746236795
112083502
117278011
115055337
117285335
792666375
794612777
116759979
111678837
796884027
112832330
702910316
712826380
743775341
715757483
769133518
742313085
794008046
719872393
748281832
746843295
718931905
110973420
796450626
116779292
795310195
794182480
717051378
110518783
791004172
706860195
748303053
711838671
795190455
769750936
718598251
111674720
708941555
798228455
798774248
708152328
757424869
704450838
114942348
113258541
110759435
716012397
725024879
792243127
727939321
741698902
711925254
768067840
795153911
113953855
714845271
768079306
790603907
116938539
114120208
794329336
704067192
791925838
115148835
768832659
705713246
114415283
726048680
116963906
793953576
741935303
114452005
116968231
757799713
748466335
768491972
720399215
758553139
112615307
745693987
740438357
797997688
726494810
112299809
769755053
792224395
799107568
728146867
759306353
704218471
758614287
792623755
720551879
799166305
707216655
705422933
745705506
717576156
727208232
702349686
116319795
725361520
710103799
746574637
792495861
748539590
759609961
758124101
724472320
112143247
116876869
793818404
116720979
708527304
796752765
715245176
741508864
796169635
115475818
116538201
701792310
117650349
715165167
708604028
115481151
713998780
728754608
116972973
724124163
743027915
113620384
795792141
711531770
714782775
745964901
117689372
743844506
720481763
111410265
116852820
796455148
116186336
793522794
718575893
791402589
727090643
768063617
768895057
769335983
719424183
792417698
110758287
758092686
794657448
112891398
793458727
714156748
791334427
701464171
714787572
792403715
795841406
791353049
116746416
768778308
743119396
742697034
758210542
724173558
116963356
715423885
701329129
116885962
712351025
792484594
741245933
745249823
718043630
117683089
112624733
798146294
792677092
748022558
704083181
759121418
721324728
110982173
768984660
111917115
792867923
701549145
724650753
708462933
794639669
708386443
703735280
706238789
703199458
790114606
797488648
723221338
116003500
113339638
116481446
116663240
711246175
746943163
741773517
791341043
796039175
707047131
768078638
794659625
794535489
791556351
723022090
723165396
715579001
726825384
704225581
714704439
792646282
793825636
768461690
798691860
748155706
715838967
703552560
759138945
111665954
758180635
112475163
768481113
114302211
795311737
113625917
796950190
716067558
793008902
745928367
116437277
117705972
116584964
729562389
116404341
115911097
741866531
706279315
796131649
769877157
114359355
797206698
113599102
702647945
795915825
726936568
719523405
116784576
742352642
702381598
710995025
717712807
758796743
748179367
728008790
116941539
700917368
745611843
716413627
716383426
796554068
715465345
706474672
717396512
759679464
714450922
704678798
116772168
110686614
724208545
745484119
794394185
769094484
706670384
706566794
729598056
704249109
710269729
725476750
745915960
758521370
745038396
718567082
758659835
790333879
715626237
795064582
797156430
111473499
112663804
795035972
758338012
758249088
797728240
116712345
745159834
116981172
116785445
704524739
716104535
703758317
742876682
791957069
715732012
748796155
759435567
116780627
716732674
758438316
116715053
796240785
757250984
757774396
116831232
728828723
728489321
700079629
758036048
116773601
724289037
115804931
116822796
745705197
769413993
727683877
116864613
745030006
725436148
700719357
113377820
717465057
708717907
793876400
741775215
701997369
721152102
793764074
742238521
758421412
703319131
705252320
746884340
746896678
710485618
116336203
799494746
713645222
741087976
112783132
746614538
112527270
116972683
705975946
758436844
748775506
110156496
721564247
740872122
115445715
769667901
748734827
701325960
795181403
729756709
743839161
117698826
112823971
798974268
113707006
113169592
715609957
759921982
701377473
705517960
116963966
799469216
116686705
746261208
743712710
799598599
718334570
117541065
757304709
795096970
719256706
707124847
112609743
707179412
757493449
706448937
768443519
745367524
794201090
707668005
748241417
708373590
704561963
114567233
710638502
794547553
113940698
708416246
745263964
768312186
705458328
713642016
719387093
791587973
704581950
708168241
797871758
769125926
740543344
713105684
710811896
717614695
700245337
706678602
116783305
748253979
713641497
701312573
748289353
717949135
116660281
729281942
748115762
725485788
790050472
713966214
791322152
705508841
716864821
729995481
746577906
794616100
702146799
703400872
797146428
116791344
758623570
116544986
728146284
116978916
794003465
701340595
715896712
768220144
725120698
700786562
768348457
798346028
116806965
110767805
728309323
717743131
794245713
745546434
704140703
791032623
705526540
113101635
757588668
117425085
117730392
116460087
797420875
113417006
743497235
746807935
769397856
715854813
116460577
768997384
793552315
708609818
702003485
702009364
795760645
723729609
708646096
718643113
790298669
725395679
706726346
722594085
748190891
792522455
704021327
746143330
741725489
768720679
793266489
717327145
757676542
759817037
769905271
740134642
719689186
796422189
702079234
716143551
705590812
711942763
719883261
769734291
790816054
712541562
795019645
706804846
704184882
793284033
748838511
729841168
711387051
746850502
790258367
113388937
710143398
702067200
111789749
116898947
746863452
111349745
745208353
718150076
714811281
704584976
798843017
795358345
708749230
757590281
723995509
793024584
717076714
793902067
743891389
700866896
743893605
708849025
716037734
705659345
704162723
708633415
708814597
711752474
794457748
742594457
757528209
115656707
708704855
768061281
701345816
116732724
743073580
746624258
707763981
791693448
799887594
718398651
116772418
117360193
116248872
746395738
715060182
113632726
768479210
116572112
743587707
748934921
708538867
768496216
115158635
769299151
711953743
743925375
112848529
116802639
116187398
769187429
745986842
745019210
758116399
725636434
714406211
711875965
706293236
742074304
743321698
111861970
116772960
794502932
746976872
743639914
113355274
715602451
758180379
116822609
740717544
769022669
746382308
117680520
729681774
718993343
715709316
700115071
745551593
724247909
705059843
745998418
704954373
706284039
748599512
713146948
798282327
743946417
712058179
769273464
797102569
710458235
790883218
796039065
706811876
712468217
706905317
759184049
748092009
112056746
711336018
795325498
702018988
711525087
718809770
792319152
768557007
724254235
746415707
792629748
792566549
740016831
794400983
758243319
791367413
726707376
700861735
714609997
708956338
745856987
115840754
714603155
711724565
703274687
758164046
116779881
757334149
769553010
791732517
113891499
718803652
799018546
746511392
116496161
704977832
710428519
725235120
743259145
791055631
702708373
116292504
729122052
794762962
116280143
725498202
792035947
791505394
791489138
759055403
790776407
705863602
114275138
741645325
759439575
716883435
710495811
729494025
726826415
759469839
759878952
791672054
706703836
757126870
702445826
746740685
708349573
708491087
705722586
724319359
704610378
743578756
768946496
114893574
702160788
110689735
741687450
116215482
725495295
721522653
715235588
746166538
702706370
705185053
116872561
791043703
790620295
116170209
759204549
759039907
725547932
729060273
116795996
769797920
707488940
702491526
757380998
116960973
116657621
719595746
711821012
740271867
769529313
701749388
113740653
746657519
742645836
117400669
704647642
797532951
741382315
728051789
742138017
706217816
790020970
702589074
113875236
116764839
748947329
724845102
741038692
725178227
704246765
116601172
768913186
742978528
793831936
116795043
707497905
707967595
706574572
757608802
797534639
741152120
704600124
721876042
705949029
708549388
758525376
111896893
741764679
117757248
711770720
712117235
794578375
115959491
790538985
790247826
116915273
759658449
711124099
741738584
710370287
112511942
700057124
707250306
116654083
769845197
790182563
718118648
705296020
701432191
720805970
796807587
728695655
716782542
718625896
796602618
758477154
701908418
742529152
707157853
117527840
702078374
117491768
797881738
113843027
790295114
116575802
116897987
710956752
116880900
711559652
725407660
116603739
116923469
116925125
792623143
746230618
114044202
116922553
116790486
745335090
746063194
796984699
712680148
746008521
792730513
117540246
116949152
116897868
116700343
745863907
701512162
710754941
743942199
112873325
746434519
793371301
703357369
768848147
742830562
768774529
791477724
726160795
111865438
741046802
745523895
715592853
115544004
116934092
724071419
117459108
743437269
793053861
116573754
748823976
745430310
746259837
717816805
112469742
740447209
705472058
793787194
795605258
116587596
114034690
758722907
707880652
703384492
714858243
740697467
742226285
708915178
795979285
117508138
759790585
758698730
703489251
718290492
705790902
729073857
743851162
799288391
758008536
792801150
115957249
117985466
705457928
743443139
794251640
116616952
719516155
112437924
799633528
116545664
799365402
729024214
725634500
717416392
712724753
759703786
740514368
702121753
742253871
748161418
799313471
746084075
703850822
758579275
768812865
723804742
799719739
714757437
703280794
718387345
710928032
757015089
726956604
799542926
746225356
712624833
718408081
111480474
757495302
748463715
758193307
703710289
116074594
768280591
794099094
799644765
725509593
705654520
757849959
742072739
710634904
715590905
768634049
799658961
742943997
714710605
703608454
116642403
718371388
112316230
712291824
759126001
713755900
768840508
116730445
717696042
769286908
758254269
768778922
795818050
719202491
724781913
799290174
742221881
706432890
742734980
116772984
757644631
799579467
114103358
117046277
714565029
769529390
701326000
707738534
712819752
759177867
714560471
113685583
115320645
714485681
704851426
724543519
742214335
748122046
745834197
740926635
116539786
794167254
710115388
116953372
704521398
769567845
793279830
116607784
117669223
757790348
113466453
117579462
116458932
794017566
769750682
740026083
746031815
729693706
769279575
701238069
704424435
795043863
711673309
757454127
115477116
797671143
701565245
707056328
794369464
116750643
117425164
714947241
711191989
748969158
795107747
708301016
793546251
724178204
796587850
717244038
715502118
724419498
702354336
717897427
710724038
116931853
721139406
748718152
743086490
718897205
116977891
792417792
714954619
799628345
792867168
116626148
114430691
768720576
769370410
798554139
705065418
713873690
701213451
116883457
701481910
724141476
741411242
741763315
796976811
742951210
797393878
705010263
790329026
716914219
111673064
700658609
748497853
703386403
116873317
116698235
798942913
716838957
793750405
757062547
759954561
705202467
746199064
710704548
116576311
112190977
111449164
700830192
795129863
113282837
703351940
793466763
746380962
740620682
758673943
112587213
795351051
717727628
745767244
748583133
708697452
729455846
112302668
791664763
723708185
790288742
793862691
743372728
795025792
743389290
117682893
113708017
758909853
746019337
791858605
116814137
702229127
745046738
113069361
702088960
717079647
116470461
719151021
116731184
758104713
769654873
116445394
705016626
712592622
748474917
746152164
790431056
790531186
741651938
768775310
112106219
117365826
700551256
795291064
700531123
745736587
711181672
116045903
112343722
742625398
116766373
798033078
758070682
799081460
748580174
799005701
710830148
746052258
717113893
117715893
113872094
113444976
116971694
112480090
793074394
743383253
716074107
769068346
116653901
712466349
723309201
707719927
790628553
114190535
712799304
794413469
759427676
724762742
748372454
719714509
723670827
116805488
768108734
793534618
712948147
117284831
116767335
116020485
114100485
743016821
717665219
702133915
758521544
757568070
797667306
798852682
701928937
701913457
728843351
790619365
759949224
796940720
759312818
712763114
743993756
769360957
743348659
795871254
114775258
110526635
742628488
713174064
740234514
708458731
718248517
701889554
740629048
721949880
116476009
768932813
113846426
741393075
741447186
700920314
713983642
703523898
114038602
116487943
741063421
716432143
791563581
791287464
757832743
741310558
791999383
745987936
716691887
116770463
717635597
116730680
719545546
746168932
759419505
705341308
716591750
715432837
768077218
797752395
111411766
707461105
792238418
759423824
116985142
704174196
790165486
705451390
715483667
790290602
712650190
116738119
726119424
113680917
701491148
116019717
768855837
708868397
704857302
714465905
728386271
713210530
116542420
742930640
718371594
793320596
741014158
757296850
795442403
116771749
748921469
790006094
745452735
792684309
117478009
795363404
796495017
743602068
799283629
748427516
769974283
796010562
701533378
798925698
797458072
701501687
710453057
798294967
700761742
705969216
715552777
748737180
714083876
117504671
729114021
116677590
794351320
745479655
705408718
708031231
795549867
708694392
714237088
768411271
115910641
741960776
114816941
722613980
111284081
117013581
795174309
701126898
723684565
792266945
759173606
116648293
729608251
711957645
727744952
703644662
758840107
702801334
748584329
117750141
727674084
798362442
793593865
116879273
116681959
793576437
116533688
792645717
705090823
710530792
794952880
796155631
714999432
768241940
729869912
116422743
712303236
714391480
790939405
718242549
798603261
112824473
790028972
793879148
794755726
757783297
757116327
796338054
115641657
795737917
700467417
711628240
717130512
117758205
798485474
742630205
794063390
791002952
715448490
113646574
757056179
791128250
741277823
790731245
742550487
112275269
742447759
742727238
758127593
799475884
768105484
793942737
117692204
111711441
793613175
759310782
758422595
741241031
790072395
116860182
759315862
746991468
795412817
705834539
745389986
701885718
757187539
799593773
705682831
705838428
790996524
116467888
113177663
790310572
769109020
723498610
703823806
117413858
769209819
723852228
716088149
743077288
713015782
745238338
711397518
726341384
742275319
758738650
113886705
725646087
116612390
701643557
720062164
114162110
746533182
758957205
792388430
723592439
700159082
113418598
794524056
701761651
794883109
113064585
768357738
722679687
797595814
116687664
113873957
706569161
742061269
706893824
713029303
799289209
758633374
799724661
708114550
115151435
714597338
745238398
795362478
116931890
768432762
705969924
717594398
768765376
712343672
746919427
726409152
768744127
742986096
746073057
768259996
719809793
711281651
743773288
797753782
116872928
715583266
768213122
704103367
717296624
704843763
759218293
743657470
117490441
793954300
116020529
701037557
746936720
769494628
790481462
703140534
792514368
702647169
705351367
743517720
769346011
117077567
748032516
743713853
707729785
758571291
758779392
799216773
116617019
707489484
757531480
798486429
743430945
117090463
743859271
114857681
702448539
740357847
791641940
791992807
114668318
792986012
703548321
768626812
759838833
793313942
113514625
706721379
727312780
729766391
728346747
725711396
712971197
799175940
792907763
116885832
748880790
712654115
741244803
792322865
113181780
741695571
746159849
113359087
741891807
797920872
718686093
117688214
708043907
757446829
757344095
740913788
117796573
758828241
758714808
792913612
716520175
742715312
742990586
716046890
116782054
115207608
741936752
713504367
795513908
703773112
704544816
757877052
790338601
741350115
113527511
115721445
704091367
746487854
791995958
117674299
748618438
117455638
706648792
742911858
741680424
116803885
759844183
768632937
111712627
743182028
740039662
116910363
117521112
110852471
757582739
796722443
758135647
706007072
790382787
793525424
117699821
112926335
117420328
111797182
705873468
707913892
746486167
794494387
114457265
798096417
705418424
794761485
790109815
796485804
116587892
740235070
115946369
792720736
700723391
758723438
703544309
795531260
799199395
716950753
745631481
114328917
708366694
718765124
116917834
797781976
768835681
705168119
705972347
797323162
759596454
704895158
707682915
708488069
113214802
716860279
708336809
741028098
720913958
740431375
708772258
705797234
794115001
741691963
793783891
768885045
116860758
743787492
793369242
797289778
769166273
745348482
116528968
745378618
729901579
793030235
113390495
741110736
117152843
116585339
705739019
728975687
727399243
797817743
746920448
792096958
748726072
116662739
116298751
704720164
791639495
758952106
729776365
714980154
702178791
116995771
743972606
768148749
708250658
798343938
768657912
795974370
797327830
759330416
703365328
794961545
712975830
706531509
797641923
758092407
116811906
117421930
757436285
701192531
704910476
116892919
713494944
768711746
116519946
712628469
746350847
790728857
703608062
795344689
794204980
114890741
702971317
717460891
718785100
719753157
702378449
705206841
794899109
719589980
705783873
113051940
791575773
110774589
768939729
769050731
710512900
706160525
794741374
741378093
707565187
759742436
795504666
748465951
718273521
796485483
116933810
701028692
712062857
117548657
791031374
707624347
757928955
116603435
707576951
116070595
113719996
705836994
769314937
797110134
793032019
708305140
700398956
702786436
705358462
794526532
114935127
703629830
792301856
111465058
117691892
748849867
708516794
711285141
746886916
725517760
703511789
792587395
713982657
716197707
757210755
794760846
791791511
705861351
115901609
769384909
710951925
792387188
717698754
117668884
725561763
117733058
798806945
702461289
712781290
796759993
799143672
743776325
111283659
711935741
746442214
116910829
769743985
116567381
792164627
746735245
725052285
717329958
722576854
113124207
704818440
743634097
116762574
726746439
114090840
746118958
717886048
796061878
742959246
115584479
116540950
768520261
758851466
769409048
715773098
112117434
796587551
791859338
745965912
748602056
795155949
768227649
793294604
712171158
769801829
745268026
116843029
704583945
705249845
704703961
759318701
114542426
796975225
757125316
111472547
745482523
768034024
117370313
113798072
704909473
798390723
790809874
713240767
701107364
748397402
798903173
116572200
742353802
712399465
116819153
743957628
701577761
710264528
707616715
705214545
114650952
718518958
710485911
708216363
726536051
745793094
711159745
711470171
758316081
768431509
724589971
746347335
113081395
112954129
740299494
758274086
719632764
743412654
116707142
795683079
116800241
719396370
757919225
794827475
711460970
794687186
791614733
759607236
795935754
713979468
799023983
726622186
705120834
702073247
791183511
116610553
116416078
742362821
724769150
796374504
711330608
708694670
702871360
717414879
112694628
116741458
796971059
117482138
797145942
740480268
790809163
748745106
116946192
758964273
708433590
769114679
796325255
110770310
713578562
790963082
116839380
790831667
728017424
797803441
758733422
702566142
116746173
113728780
759145248
704634384
700443548
790351433
718125713
115206652
704511570
116883557
768438440
799065125
116839365
114392897
792211345
795824728
748467685
719226013
757412912
113553924
742085592
708878081
707652436
748548720
724251092
746066186
793049511
718412303
703965806
748720649
719575632
794692420
716704006
757903318
768896818
706177800
797059883
742826207
701180403
769837374
117510930
724207623
796986874
794919038
705887599
742060340
721835299
797722836
111375546
768369392
117739056
718207219
790361841
713573621
793688538
717135425
798132434
796624934
746015323
714206048
712342482
719640662
706881304
746994924
713549916
758650736
705291628
728408776
798365786
115046608
796523290
797858613
768009492
116492979
768981485
117473448
113702973
701043896
707689240
795088525
114969116
792345735
117559563
707830033
792769301
791072713
116761133
708587801
746436808
769619003
117099226
746514849
746430699
758786086
705158155
703590220
792379405
792673393
743951934
791016918
700092974
718630608
718766143
111652246
746430379
759452085
758877594
705274847
116589079
741654853
768456596
707740478
792975538
796729962
714158448
741361792
116608061
741649498
759627513
703903331
758122855
717338319
703534867
712211506
746813842
758684340
790746983
758876713
712744613
791334532
748675470
707343021
768712375
746818549
757904949
116902359
702032171
708145645
702862766
116817653
759302685
729096223
769130015
707120235
702673932
793685278
758159362
715621150
711520482
768011218
795062735
769349247
719616024
707223158
758169896
741853261
743604450
759786917
748338923
792180345
114479967
793384333
742601741
727289428
793836615
794601059
708183576
717900893
716163628
790813751
729823326
706399351
725627860
791190366
798638073
758192235
748276062
758629752
757482181
716578552
790442888
768850711
714753069
794773867
116486009
740510214
740194987
116453994
116537921
708044459
745545039
742919120
710856930
797730195
701671154
794313309
796848841
716101499
708158310
117074861
742970469
116139028
724817953
742819507
700534559
799034659
116687503
758232021
741401798
757055804
116749000
748923937
791283287
117537735
717584392
740801553
745386819
757522162
794849405
797251327
745021978
798315049
116764703
115383260
799315280
740849405
796398883
718569341
117508921
768347383
757903213
705509380
114344902
768217975
799527615
116775248
116796971
729489487
700441309
799116861
791683732
718210639
718639235
790510848
757596165
700556572
712082549
758555423
798506089
768243611
117240824
117439459
742863793
116872417
794902418
748106044
757221868
708626531
115409091
711800609
746915566
115883749
745920394
792038851
714451356
719488187
112751360
757920584
114962533
704008953
117718159
757554093
705631533
117673670
794908979
797702082
743708350
792897546
115722496
758790512
758061010
792850346
723052794
710439615
718482437
740389319
721163085
112621211
716452391
793476903
707204293
116892520
791390567
113342745
708894009
748951033
718347184
112612810
702895477
748105948
727064863
702692173
116212462
110980765
117689451
714209939
707346803
748138251
704188548
707680262
704895819
112373632
759793845
768248403
790872513
714711129
716706781
711218402
704623728
116960817
741843779
718166027
116931539
707979637
759187737
729879584
728852671
116781293
705487613
706460166
116880990
116785926
743677567
702132057
721314619
726945598
114950931
116922845
112778395
115225812
727021709
116553464
115485966
745864254
757403216
116819589
116828757
798036923
117770645
799342874
717860236
703374942
792313978
724775933
717266875
759388842
720104349
740149616
790420367
116049761
716059441
792826571
715700266
712505846
706706050
115789115
792429720
711725648
720353128
117689785
728903219
795460477
758814658
758641793
758106746
757139697
116365566
113216278
746909714
726643094
708968318
746805689
793611373
758482423
793814411
745895637
720705183
117322469
743761255
794954972
708892312
792567668
757140118
111271724
741894573
746970614
794265988
710178523
790919759
713290831
748598622
702933570
116284648
768623837
113112068
112275037
714410321
712338666
700287863
115125350
798441598
705508768
768168814
792264421
701220294
798599024
719714691
710284399
718986875
758568925
719408183
745363202
719825576
718119729
741287876
117395380
796883596
110730502
712159334
726119733
716518764
716440671
741620671
116609010
713786360
794160943
728934537
116415140
745398265
726085609
757506428
702789470
794209912
794944236
792868761
710821795
791351016
113923310
769776144
743298743
712171692
112032883
741219182
792567734
797528255
729464974
745720926
114306796
790490176
768252075
794082725
791726449
718673639
757089953
116658570
117684908
745917386
718451928
758173854
112312583
727246716
745737801
702181612
790055945
703152873
718700391
116644550
708816915
796271735
707618794
720986579
798924175
740826283
794179084
114098681
707994780
712757970
790485716
707856423
113300370
797098655
113023837
117538287
115615457
741108937
703513168
717086898
797986556
745278164
794229150
705179429
705262124
703648292
745946453
112361392
711748132
711932531
114941073
700920548
116547221
116840767
743595075
116771595
768356061
728472539
769524133
797719775
793679563
745576752
795271550
740025586
703537586
792297686
114058923
703335115
707652471
117506046
743127768
116959239
798218359
745055227
743361086
769869139
114613390
116746166
725234276
792569688
746585950
717124565
112343577
799527358
701669040
114247440
714057066
758719182
113151473
757102912
792910407
721295044
708600481
711815705
116589892
720200861
728424009
712685445
742716110
717538371
116646457
700693357
793281942
701404568
759085043
116850553
110920128
742185597
705779163
746081517
729215229
797892112
110599586
722317710
742509310
725514146
720077295
711529348
758940591
757677693
703170794
792757635
110678529
708742822
116581592
111207412
724095206
757925334
116901148
748737690
759467592
742223327
721737982
704834872
706079670
742588538
757854397
706781576
707719051
711441247
116542540
768768823
758198636
701619492
719298115
795578409
769152150
741240938
116402235
768877364
718045920
111894095
790751996
748885201
746004937
748416089
758507840
111417291
743046713
797932041
703812109
746148526
768181757
716231079
721918861
768945207
769768765
116827743
718548725
712681583
703434196
700189293
705923378
111852317
792667808
757190919
714613487
757629931
741906541
703885174
116991989
710798215
769306886
114110845
795399661
117608703
708914811
748259495
116997279
706528835
769279268
716926133
711762908
703651219
115835654
705643340
795346922
714858150
795025266
746822996
746824450
710249760
718130563
791298605
715694508
703929439
705372937
117770853
759963229
740774865
114786716
741417430
759036480
116780047
743798819
758581442
757313063
712975762
116463164
116747985
117433591
798715839
791028534
742170279
719434617
743851658
705502587
718412392
757572357
719158826
716325690
729519045
799844819
743781089
701820460
708855638
791057814
726416397
790246710
704485807
718520472
790981533
757911274
711291457
759434779
701855136
704553802
791743564
702594003
707254003
729806629
745597273
711640862
114434957
724575302
740847888
116687720
708694926
792301731
706431765
729483407
741423675
759972368
726367244
768638075
116792823
742877456
790635863
794089029
116053521
716863680
740772389
740840314
706298678
742987116
116797325
706124772
712259651
112393290
112774396
115611609
703194203
768572446
715830740
748072605
796560029
702211774
712327264
704490473
715303261
743896102
708189737
718679505
743067835
707553781
705871608
758105292
705735683
759185548
116545521
714692308
723177273
723460325
714425161
729854939
708281536
743844952
794965148
790281650
725253267
743475377
792023973
714411866
791871039
116682655
112204350
796369145
706664075
707163047
114319650
742515982
110963617
769922590
716187622
702095483
791273789
112689573
791866620
759084236
741853244
745766498
769569480
718325103
116709961
799529805
790182470
796834389
704836360
117463674
116930041
729722281
711834005
794847085
745503578
708817591
794278861
117531496
113921154
742380649
791729928
791341732
117684317
116756398
705328551
112845824
791717460
710508170
792299767
757205364
713469589
792821133
706818853
740182710
703565082
743349211
729426156
759761886
796225801
706620842
797183859
116802742
116313312
799333792
791253058
757800559
117580189
796564434
741628724
769762773
790454398
748225071
742287518
795877231
742844876
794735986
723420378
746380165
797794603
769168267
116549299
746105399
742470586
797355047
708269361
740556949
115054894
721172838
799120218
745215201
112438931
742811683
706063175
793050387
716449273
758512936
706175624
799310447
797951566
793973037
740690534
792526465
710353294
116829629
745685432
769522159
769566985
768811854
768416361
705284114
746711702
768808105
705659962
717708403
116450736
702961086
706792385
790370313
117371302
740664472
796342036
716370622
758039371
792914455
748048533
745707781
117707677
742316762
797046757
708573295
715873806
114716547
748708985
116632796
741443456
706908705
115989644
701249679
724250651
799293707
703642932
748391126
708924902
117713147
746996229
796868165
724515041
743305302
117526538
705122468
743964077
717461825
116661840
791932363
745425669
117496915
715178431
706270039
112403980
769822312
769509155
792836944
712340495
700273803
794047960
114339968
117213279
712109462
768875197
721323984
742918584
769087117
112242179
117612056
710519680
748493125
741555318
758187079
711297918
768288146
745984090
759293674
746930374
115889060
759583159
718414496
798439809
705837440
759982488
710956407
703336957
117516819
758715755
712261028
116930462
707758193
117220027
757804166
116732386
117735235
114104686
759549552
117461004
759974742
704749381
711732198
714874566
715937228
790934957
719858196
117585347
711890636
717226167
793379304
729657949
116563809
713253130
700280500
112818330
796151185
797090548
742225528
743448437
748726879
724723412
748141206
757058317
712139993
711668703
797735808
704072140
116714281
701571998
116966579
115590623
759936486
702536718
759743529
117675481
723013368
790740870
729152161
792278079
748333149
112904797
741241995
700944975
708773885
769835897
708070974
740885489
769801666
707388422
717684759
742288854
705747924
702054517
743934482
715199678
723630247
745784156
701651410
717952084
748503869
743229205
117697172
704717434
703652439
758713872
792754936
759170161
758492391
795832601
790450898
745997012
746555289
796564146
746145693
714632788
746282168
742582562
708948893
769629928
741502182
115953817
701048492
708725373
798080478
740467193
795616135
748712504
724104529
714150281
712823840
111638246
791896318
791409788
746265448
729366106
704842683
702585641
759658343
758967481
790451518
794650347
796642008
728467741
704168773
792211435
704734698
714381085
759984838
112815923
748603978
714178116
769015377
748682214
714023461
721239745
717576690
705262633
705010674
117005637
743506793
742653840
768928845
740635121
745325826
114260526
703232022
712262398
746301508
791995628
116786912
712096317
741364668
758347613
116983468
116415863
708269276
793643802
757238576
116917714
790327778
708673268
705582593
713845759
710165876
116091064
790655914
708881428
718952283
712748481
793303138
742749072
728113584
706546150
742769248
116799595
793719966
795018562
798547627
718928281
707796985
116806542
700904159
758793911
769716126
799311468
796554165
741967809
792554633
702474658
116806052
710978555
705657392
116827834
115690134
748699730
746769457
702897794
799956769
759207764
792587927
718548452
742421309
746810411
707834459
795286506
748946674
706157513
113406565
708279637
769355621
717790740
796121440
793615822
705338677
719541422
759474755
706127618
116519206
113749957
703457685
799319605
726299269
710938549
757659381
798472717
701807458
757306962
768541045
793524311
797799249
768975990
793532786
797505382
727968348
703608452
759055683
111705345
758290852
116712740
719240071
117541374
791493330
718472659
707375531
710723781
759311135
116657412
790053796
113885909
798247913
743770684
714951261
117698902
797634687
728369598
116035848
113869871
748685402
758820671
797484094
715631279
711187600
792578403
111692378
790872627
748098791
726451531
741829147
114425254
706363420
795359619
745140995
707827936
729440986
745140531
726747136
727738498
743132712
768229356
748685989
713629789
117196485
797584137
794375693
116800634
111537993
740403587
116599267
790221300
116928347
705191749
726155216
712748107
117416277
799267483
115665436
110916928
716678474
705956497
115986977
742116048
706172581
716039617
797053401
716595660
745719128
117734261
703461518
748868218
768253879
718479218
757106413
741898363
113208376
759647496
769761186
743033091
116781746
728779287
706724872
742183553
759351698
116832912
706679433
740911951
742383673
769615335
114837039
116847879
799265309
723090628
116768839
715371770
748773749
758713879
799432335
703772407
707557816
703472437
116935445
795743599
748561746
725901183
794126018
791164507
793703968
708364323
742671958
113491505
117480200
746344132
794220596
757117580
707944689
742152717
797274551
742332869
718352355
720375395
723411294
799631610
790249702
768682560
748842537
746425433
741899390
711140216
711934598
116413598
115369129
721304128
704719809
702032460
708035101
116810574
714554301
792524894
117686313
117376763
792055801
111534229
719538054
745726248
742667836
704111956
759720441
710420353
792598471
793710183
791732681
745913754
701073997
799743258
792281623
759903237
719710004
757817943
728839998
116546764
713640085
116615638
748255928
116799841
725893062
791226558
116325172
791565498
748910967
758571273
717780254
702420866
707860154
708947321
748780743
741444126
716751798
796895835
745142590
703285157
707490324
796152313
794379735
759763826
712533106
116426233
111878628
758794603
707856630
717455152
742578483
113247657
795888118
116723560
117250634
791005173
713778428
117688473
116300547
743038748
795883875
712328690
703821987
793952695
768503835
743124743
719749971
704370642
716029306
791431729
116763827
117612473
712111518
116990292
748566450
111466879
713438493
795779450
757890627
715755371
116764710
724889142
116734613
116798703
743656660
713016516
791428584
729733153
792070439
790534213
795337762
708604704
111648721
115847674
799614287
794253719
791984839
791009295
748733957
768425162
707940320
768087006
116762212
716320873
719827262
799673029
742493272
742973930
769655843
797446829
795739387
758316492
720845147
793326849
796644109
117955739
743847083
705581341
113431703
759486021
745819743
718146176
703934530
748039226
116920150
116712312
708092698
796243553
116688368
111305700
741757982
791482338
708167843
703136413
741796416
717165801
116842048
741976409
769685991
759944422
719437181
705274860
116861076
720068810
724286674
791342820
742004078
117509912
793599583
714926129
705787204
740938244
797095267
723020458
795367811
115825127
769924343
726154237
710585522
746812577
795694414
115138625
793640888
748409145
706781054
743921519
794480122
704359782
717784555
740993829
740300276
708811159
742853881
724727719
707847539
725215177
702200333
713436155
728734563
117493792
701696789
758608997
748970758
769048706
741354349
702560382
715016561
116826613
111339640
115690104
116525732
798552145
704415751
117618297
702027581
713433357
726736238
794234691
707871623
706930650
745619541
710527067
718292708
769282440
758774320
769011827
114063645
792581722
113971457
115578046
705616667
791232289
720603873
113189585
726931356
758949526
793469712
706399590
769894041
791537646
110776529
793578479
790390171
758506370
111688946
799245018
706017537
758036887
795782599
703656780
116766273
718209317
116668471
116514989
112400889
748231032
791406410
706428839
793066605
721296284
793035139
757805362
723572311
757904247
724592486
728053363
745074953
713372677
794908378
712072504
797716769
117019827
742042683
117343133
797810657
769359900
748837601
702719966
703411170
745273212
746179942
113533081
768096951
790940845
114011634
743460409
746328110
117536982
742950146
116975544
116942925
743742920
748649060
117623870
748180542
745167332
793049304
742456148
117340139
705665579
792912699
704015218
741132393
706582643
791852564
740304655
741870639
740352685
748141486
114370853
743732423
793850854
708195816
712216035
115223984
701362813
116694943
708100999
745278493
792367800
114586349
792399875
115701648
113547273
724392914
112372352
704757214
740832632
713652539
757504620
704609474
726792346
114417129
116566369
113114223
117784081
741148076
717255129
790496180
112347006
116916097
799095347
705007796
716837536
702266620
711510515
112793875
702578055
719712907
701452720
793927283
705760205
769280097
715575128
704729294
116669202
114149843
706170543
704319517
711269804
117661249
116801830
741443690
117679580
113354481
797918238
703413953
701383879
701124319
799967956
113196406
740209966
117560514
112354615
116798603
724766696
715187326
116979753
117013119
791277797
795612175
116008713
116368548
116576920
112017696
792452907
714740153
790537764
740490736
727134885
740461981
715842581
759936539
740581318
117625842
748000655
758243516
748207649
714599793
742323651
768349002
706269246
114942107
708591194
111960933
768631206
117644787
708160637
797296742
790887606
704579627
740154820
701609192
791600527
743890324
113261087
797324971
704179164
726891267
713438659
757093525
740125137
116638850
113885800
700378470
718992317
796320127
716402754
700584061
740595139
743900070
701255087
757946804
718467676
795049375
712152961
745409146
792071571
798194711
708867225
797413953
708100141
720156721
116882068
727465980
115113824
702712228
115592559
714745797
111912232
716849819
745819827
746539878
704547245
715610304
116276995
703814123
796783274
701426102
715528520
113433872
717726653
116405568
116607416
759501920
748992079
791330746
701029057
759475276
116596289
746886911
758170598
745676331
745302673
115735853
701532648
729122524
112172913
717505194
705080552
706194303
712883587
768039769
746743183
790236302
703269590
758508482
115279344
700439384
708519429
794368873
795470841
743765903
714401159
745530694
743747192
705741310
793786732
702954671
792451895
745731958
743297120
717729207
798477163
794434682
110489519
793309509
796368226
746037472
759014917
701175063
740280592
708386169
793635194
116214481
116948342
791397370
112383942
703738229
743546034
799271737
797520914
718973916
719559673
794436259
723675153
116255597
741691350
117494256
710355234
791967145
116749203
117458090
115709627
720574671
110987046
716649982
768458581
794371348
769896245
116065268
798235337
703383366
740240873
729581821
711910197
706027334
740565864
743720112
117632869
707926202
720031385
117599387
720695318
757373328
706611983
719489208
700789218
728737865
768451210
720097455
116768685
116751603
799143218
713673410
706609899
793881974
769075638
704281428
706854160
717331618
791471684
748198359
769746343
743424839
117672217
790111982
116878075
729598499
706768750
758249497
714796891
794094607
113679088
716596397
745259510
791898766
748034836
795008487
713092549
707152812
742374193
793687509
799437443
710837315
791748473
708575218
117753727
745036314
708096114
726995146
701291683
700374232
741346389
718305569
727860945
708203411
748466023
729641573
704463905
704708421
768353655
768306848
711371083
741638368
799718641
794459904
114418269
116996320
743965064
716406239
759427435
712576553
705948592
714930311
706757738
729722379
729508291
117649561
759924561
710774835
724171767
713955141
113829783
701580118
790957609
758661706
748118246
792862473
116445486
702080065
708119196
742134163
707609582
793319871
711548406
725814059
707576840
741938276
759693753
713006452
723451201
117568803
703599258
758815867
708693000
769623599
712155308
748422794
740092291
769918021
748918854
115969877
114350803
759046815
748675828
746508821
768807699
768423100
719449344
728497441
723504509
746924680
769261653
743099725
799209965
702565507
707265753
115289369
714799525
758385183
712789064
703230516
716637174
759217654
712148465
117624961
793608296
798605723
712753177
742131060
718067954
702166568
708189264
115217517
794571267
117055853
743388253
795041319
769510724
790373584
758083379
748583775
706267157
116763403
741950629
708541122
741578455
796168840
757825226
794534609
745622954
796719380
705069751
713583677
759974408
743193823
792346619
113194920
757108609
769744394
795621066
713999827
713063694
728296653
768852493
746247262
740171523
115827884
758948542
791961818
112324814
792099026
116876898
727017905
725548764
757838226
704953649
796662582
113075541
798190189
702810989
728811450
793406384
741041413
113646168
759625851
742968788
757544992
703977674
768029625
758463048
794530197
798796532
708552730
117715421
797861647
114565822
759066335
702561028
708416990
705153314
745243105
791852756
790119065
113047365
113598617
116696729
758563287
797095994
117538924
757061269
768926348
743377912
705037203
743650359
703443038
742018956
719815104
719452678
757681978
794131810
704306735
741069249
768200493
116410582
717053909
117413115
745659481
792374399
702983247
790791260
792407866
796030467
711392548
708512230
715664337
700375764
113027959
796686010
716649850
113501038
707460962
757126733
116987679
718031406
116762350
769578584
757905833
793632142
728674137
713574215
705073861
706642479
114587071
712882207
117561162
721755025
768815298
114361713
116794810
113340745
115086818
748530129
796391911
792126857
707356933
113508978
792403376
708298121
797188426
111342895
741512403
703274608
745775347
768328248
791056037
748337805
796176908
743084970
757817855
759100604
115112230
759445962
759053705
742225206
796817077
746741619
712759874
741760901
758342791
748229651
115796480
713423267
745624927
758829214
116092163
757102691
759022893
740969401
717570157
768830325
700577536
716187449
703619069
723005081
701597272
757824696
742175821
740284973
745610280
758660949
112328225
746938764
116762582
799151335
116404656
707786370
116525846
701852537
742087172
791597643
110557008
702520093
116167838
718559485
715003531
116530837
748523192
745990939
795993312
701153028
759290197
759257987
712591617
769879397
728244391
110757048
795562506
743253088
748738489
797786337
113724204
715963475
708431891
116886672
704414035
720484383
740680229
745051656
791351784
716230479
710539817
794402603
117284578
758464532
705770203
113598117
792189312
705834194
745975240
794684668
717639361
769741077
726766874
708791685
705567915
116858747
715614323
799476184
116931947
797297873
797962004
115207779
797237583
715285600
743785886
708291234
718632187
710447269
724128017
712996352
710322620
769746226
113955819
113152476
116910065
712150825
706459834
740274216
794931640
758086682
795483454
704237190
724699843
793520746
728909583
759488675
725487907
712792788
721613600
116152500
792493186
714698937
711640930
793606995
758899083
729144931
745957239
117714923
793668556
702758341
793678706
704210399
702775449
741597140
748232592
717707248
727074835
748442835
757843206
714019385
718335093
729766497
722547068
116769908
798761957
758527850
742669029
792227156
714823827
748263379
113297687
117531159
792887626
759028176
797549580
702972439
768630248
741586302
113377184
117644520
743470295
116056511
748204788
704565245
116076135
792331307
748322089
746557369
703139265
112259738
742670307
114363257
114071327
757099840
790380119
706297508
116835382
725350790
740563736
702192168
715854207
113346045
705538763
701361407
769856894
702530812
116426280
714986255
746777098
792469592
702756692
718692497
707573840
746378102
707662791
702642009
742996722
717540249
757923967
729453544
710590006
759774612
742677136
797439418
710985025
790939431
794336850
117594090
745362097
742027191
720037839
792041288
717790549
758160137
791844635
117294861
716323601
716818239
706019717
792695691
769310494
795473719
116346310
712196956
745251884
112899119
708827148
726916365
792769884
746058987
116979114
748946802
114642972
717313059
740779105
117578157
724133054
795088581
729261392
740134026
718791854
793296315
742477237
711602546
700470385
746857659
114460259
707039209
746955981
110701619
115282714
703425705
795209582
729109575
745972466
729695344
724043209
712257535
795483075
704497354
116800565
115843362
745669190
746171156
758797517
705884769
114069560
791476701
743001140
717219781
792283105
116532170
117613382
116493421
740272809
116568136
701826084
113464094
720656460
742796894
740992377
700510987
724863901
719319282
745700820
743477540
717964851
708385138
117566182
792681217
116805630
796661946
706728217
706682383
702129080
703602762
746125446
795666983
711937848
798173523
719330590
746635693
703542193
759025156
116847581
116530224
759376409
758407499
703404823
700177591
710189638
742971770
713731827
111332651
758529436
726528059
757106700
741695733
707835397
798068109
702368528
703148346
725329058
707894741
769765439
769845834
116776660
746947049
719827454
712843720
704669904
796747927
742519638
725158793
769833548
742732180
791337808
705332984
743059126
795778034
116981870
114300687
708781152
745095298
117659366
712132818
707486385
758105733
704097636
720153327
117516139
723989573
796257093
116862223
757928145
115277340
728056693
758132602
798154023
715159448
799357409
769850110
110776500
748057840
745331796
745735287
705473191
704457087
113192768
113973683
115876105
741390109
746615809
713022011
706792462
717051457
702918351
759264326
715786133
727584648
116724787
704234852
796419672
116750213
795022153
743240879
721345096
769339391
746072404
727736743
769496982
115916102
117369653
708479704
116425368
116456172
705866550
769478131
113296354
757920697
740992941
759659893
112842551
713649114
790469197
116737641
743914649
116720580
717977006
726617649
714890079
719200343
702554870
117627523
117608365
740223369
713547818
793257477
759286814
746662482
741720388
113220131
798671983
796630457
114639555
111846685
720981396
793511545
719543905
715911396
725449647
705367747
758139685
796153546
795552947
748304560
112051598
729567279
742674240
701767456
718199383
714294814
759129739
746508195
740624019
745196916
729537675
705880225
716171235
705750495
708094817
745385926
746356942
712241533
111406317
790931872
768957949
110342960
746055960
795469848
715177959
768853897
741031282
708515282
729507263
114728131
794149776
769856192
701615967
712198865
798297229
748433111
740437416
117549064
790603756
113819916
757429338
714947360
746951731
113360128
757049620
740379188
728167609
116951763
798313182
759490898
718923011
713542242
745134201
740649433
769619239
716074363
768018911
748751393
792281751
708590529
711283223
110875162
117346334
116188705
701944424
705231592
794093844
110168570
797995814
795131937
757058971
705967558
716987649
701488163
791968727
768264211
700712068
701977631
117074283
768119192
114258046
794497927
111998154
116411438
743296975
113702739
705362015
116991833
114347924
743954782
790011302
748969768
746013271
718596094
792632255
708187819
742295669
717681046
769721486
759397891
746113369
742363290
116787319
112093730
707303806
701034990
706353170
795381426
700498960
116760100
701321754
704479707
704640836
758557905
759691926
797155739
757403148
799360526
113733440
728483976
799318200
742534861
742826163
757287357
790743604
715878559
705799200
116774302
793764704
745790569
717239662
704013743
718637591
708260493
759709707
791510084
701457351
116854388
742918274
797840705
116003585
759448409
115668107
114709391
797528194
710584524
742740185
794048986
795722403
116363779
748949451
758710475
743283731
768072105
742117253
716065324
758127499
116810752
702374901
725870985
116599133
748882470
712202756
117681824
705324098
716086556
113943601
113472028
703712042
116932934
793009884
790443871
768960324
792886154
707683273
713219714
740645819
117982786
743817401
116697583
115023155
725628584
715464254
114301535
708295413
769960029
740644830
716725937
757466034
716528491
799286323
717148905
708778694
724246413
116927958
116685826
790373762
715916794
114837299
758230625
115496554
712323268
757409651
794460226
793527288
741719074
117748726
726176739
701860316
757284970
769624260
790610519
116205813
719422158
706170918
714931480
759000774
791615349
794609143
723487050
117658271
700175225
116107786
116860984
701318264
794423862
791644480
727911005
795556977
758367659
769993297
748965078
769586553
705328675
793910258
745008353
758326458
114577273
794046517
714610742
769527984
791005897
745204841
793837053
742310319
794115793
743386329
758976552
705227533
768105007
111451997
745760274
746137816
113601161
792052193
117069340
114299373
791425975
743972099
711362309
748229553
768519107
790953538
759943966
111781936
116942002
706676933
116940092
796586564
115368370
769972933
748942529
745698155
740798127
745237164
741807631
707921959
701786457
703109580
794078980
711311394
704672615
746740935
757799370
742832564
710915503
701777245
743347143
716172496
114274805
711757523
710512791
701369867
742588450
113153662
712448171
116909223
707786283
757099035
743794565
743724319
706688336
724936538
742587049
116209524
769020469
706678606
704530772
794060166
745244853
794674698
713617049
117605404
797527203
111928078
742486744
792307082
705286091
790582647
703303631
708909649
797915068
799288681
798973361
116958377
792675229
115054642
792152744
769664749
769901292
702341746
742217934
705683577
114228923
113434498
740599774
116867294
116657260
758072537
710372605
759114903
741377831
726103449
725056185
769716595
748545712
758639905
796071508
759683700
116513134
796587661
117477697
716794098
793823576
728515580
758097053
794392576
769595780
707809793
117431173
790183551
720544856
717660998
793615320
701047079
112239157
793455189
712814961
759959688
704048330
790299698
796074618
758073524
713943966
797204253
758760547
769948830
706718875
700920923
743561964
799635746
748893116
116978783
114341192
706450099
759740167
727474105
713371483
791287946
708012399
792133739
117060256
741439716
745153964
791574536
718296472
793330166
710308748
796524565
759526268
794639571
799003058
703961504
769253261
791251684
745005307
745400721
746888023
798741908
715290752
711282694
796329252
757310480
796259106
116878849
117512710
111433687
758319922
790577279
713474075
791322959
110407514
720834813
702369826
718304527
719234572
114624494
790519541
710579257
117373026
792812860
741879417
793535910
716577286
117575770
758822670
112487507
795035336
743548791
715482707
757876581
714934689
703290381
768991025
708755049
726912006
711302338
745665273
708072496
759660309
768128617
745500138
727086816
793797180
704949387
757296576
745964008
741394304
758632238
745877111
111772704
741976511
790200670
796091252
741614422
758236761
117293994
792655943
718293600
116630128
769669414
728514509
740555175
796575451
117533320
793005366
708719011
796570137
790373848
759987844
702161200
116607576
793382319
794985569
757106375
719537069
711533589
117676730
714517556
117652004
793873626
719218973
769256237
111753470
793304534
748429734
795842484
116549939
758213554
110870835
112785598
723526745
790015811
758694249
759534343
116580871
741553673
113489372
798511739
713042646
759764981
794751894
712323622
701680598
705806027
726549664
799796027
715578309
768528739
116695544
792569719
790063259
757775614
110564456
706163771
746386600
759498946
114087608
799596802
117152568
798066406
702159974
792536786
114812946
116651946
715624587
707505580
794637574
705328632
768891269
759864855
769459269
746837123
113078050
116036644
745142982
740690692
740828235
116533650
115118626
721445278
743714735
707056139
729784967
769538870
769678061
700635703
712130091
726575239
717845954
706935030
798524391
797840897
745317723
712242808
712989670
769776964
727642918
723097876
740827658
721871692
796150489
711555873
746134820
742830153
758689463
117450674
742458326
116070320
714144996
116988478
114485777
725323006
797259537
708254035
112441029
758923831
725363194
714203523
705148091
717851075
112252718
727600473
718774346
716861407
113411520
115226731
117657421
794119689
701594955
110374161
768605761
714229819
116489686
715012909
706558274
759797627
112465985
758615698
796172557
116822651
110694792
116942142
117487037
713674052
115344156
748841429
113660073
115240163
110151249
703763249
769917982
757342935
116960569
110551589
740876822
713465381
745558932
794476269
116646571
117753950
111780219
748959563
716155956
740794636
116357645
111659012
706185676
711987034
799252652
718245577
717319799
116012174
110879027
710928490
116249707
794943151
706127597
704992751
701742558
116824063
713136745
702568997
723329491
117729416
769594057
117453574
705925388
795551421
703715341
728164997
116942621
796872041
742950923
740938141
758469646
711424625
112270074
114438759
715015227
769545749
745416112
740318913
729955664
701786006
715784279
702885508
700456137
116699487
726996200
700468352
710613607
748323768
704849971
757291806
795801907
746855462
708916237
724389209
116590394
769142937
759413925
794655314
715331320
712516931
116505281
720430014
117629837
727559867
757532254
796739712
707756246
117667309
799557628
116732345
795617816
111681734
797517316
700830712
745841976
116744071
116702210
748742607
116818065
745749617
741062075
117313829
702298968
704325893
116850527
748878591
708490613
746063842
116647296
759678944
720170168
715873229
759613817
794645665
704705562
707199960
768825660
757199867
794924619
748351237
727162526
745631006
741754441
742692754
115687710
748169374
711345863
706389108
745368550
702241230
741363796
724251839
714357079
114098385
769733974
718701269
793321267
117609061
705868276
707041356
795010433
702617756
117429563
769214629
743280271
117698279
758420607
745019935
759198481
116961271
794380731
792189030
703286543
713974796
759873336
743976082
707801848
717919574
748328319
117520166
791680394
716247042
742651930
115790277
703686977
769812362
759736187
116429761
790285243
799759568
741934600
721997244
112177213
790536131
743591252
117551714
768041184
706464793
790364295
748429953
112517701
704786516
115226169
116842437
116905081
746249747
704246535
743558130
117475498
795195712
116455246
116071027
743585965
116811099
792533238
745244748
743225814
116912618
791201332
705257664
724818563
703225317
718738806
746863397
111781100
795942216
742492965
759039462
117069931
117555990
793858909
114209834
769085471
718667193
748323547
700239828
740565162
791334291
728428722
740928641
790069771
743279761
795013926
790454290
708232113
712269543
111260211
757358918
115930777
112921087
117750543
707028791
718846100
794178344
706841218
712522498
716533768
706299015
769761151
111292713
708756743
791922018
757292680
719188444
703429532
769148905
768118929
112027149
113802235
790898550
117672714
114394000
797583914
795599052
702545833
706129315
116800782
713672668
116020760
745093493
706812964
712549302
769717319
757190278
768541631
707309513
743422584
117356497
706224078
716956731
742194678
116974260
759409991
758482506
117376520
116160837
743578847
790371888
740913557
757672934
719112751
743737955
712721376
112066235
718843778
790583636
116817364
111937609
797652508
116686131
717247235
718287541
708784886
718954626
116861360
729253971
745752111
728995784
743087241
757067110
116934659
798452208
759777433
710979382
768030094
757047006
794323893
743285970
111877712
748156908
704338706
707696525
758395171
715291005
798207563
758282792
757869394
117564103
701214768
719595952
716498440
729502512
116686677
792076157
748211183
741546763
715069252
714906620
729166715
116548678
790513661
758058820
717474215
719164735
727213525
791736462
110136593
110024691
110140715
110151505
110651708
110674059
110707760
110732839
110752285
110756649
110770076
110827177
110859512
110941563
111225513
111261947
111262035
111290382
111321516
111321888
111337693
111377906
111441096
111446754
111466758
111570187
111602986
111647270
111677271
111677813
111793407
111804871
111829505
111862936
111955907
111943865
111969644
112005196
112033430
112038520
112175634
112199902
112226047
112699730
112727326
112737045
112746818
112741203
112770274
112776173
112996753
112997350
113047803
113078079
113373806
113383091
113570884
113571927
113579904
113611554
113869283
113888046
113917672
114100615
114146079
114152228
114157290
114185795
114207515
114246737
114385411
114473805
114474920
114663270
115158477
115163889
115176537
115374850
115384539
115389684
115411334
115411708
115670621
115672851
115692084
115698563
115925426
115969854
115979505
116014952
116142676
116158191
116176487
116176640
116367136
116402042
116467180
116470251
116470587
116473708
116479673
116482629
116484882
116485797
116486857
116534155
116537038
116546402
116589447
116595567
116600868
116614998
116664227
116664401
116667636
116670547
116702806
116707973
116708454
116714169
116715075
116878347
116939049
117054731
117352861
117382604
117556681
117562782
117595683
117635923
117637783
117675142
117748725
700365783
700737152
700784571
701211013
701229353
701480635
701545164
701558982
701758547
702395474
702458130
704123946
704431359
704469175
704585861
704607383
704935281
705135478
705623514
705691534
705965795
705986411
706010733
706586973
745497871
706636176
706283815
745742497
745885394
745872934
745932634
745960668
746092638
746143857
746152301
746355564
746381415
746383329
746423747
746455421
746658563
746705714
746639288
746726170
746733561
746914786
746918568
746930622
746951751
748117307
748117410
748133811
748269532
748269679
748280152
748294339
748450183
748495407
748679744
748722502
748977866
748978105
748980627
748984296
757153882
757305438
757334131
757473503
757471839
757493871
757499834
757496514
757503495
757708779
757696848
757718128
757736928
757748796
757766977
757928731
757944818
757952450
757953515
758094756
758103596
758120314
758128131
758129768
758260169
758264955
758287389
758298192
758476641
758300569
758482519
758546595
758690965
758708924
758741778
758754204
758904341
758916881
758926562
758929839
758931543
759310781
759341383
759349154
759356997
759360251
759503276
759510693
759526376
759674396
759675704
759690518
759693918
759695058
759705531
759874907
759879680
759889532
759896015
768189181
768402303
768424055
768683614
768686527
768693475
768710450
769106197
769161888
769387503
769481620
769883529
790461685
790479084
790689509
790773713
791015531
792390833
792981209
793650584
793911137
794958907
795126398
795160314
795190560
795194985
795530651
796433045
796440587
796486162
796771235
796880543
796901196
796913196
797135326
797354524
797545361
797592467
797992021
798403872
798558467
798626537
798669053
799130470
799336529
799458890
799609804
799901379
799992017
799997833
706792421
706848507
706852200
707046509
707067414
707138410
707141695
707226156
707428396
707671286
707756526
707970269
707982276
708007785
708047162
708069587
708219776
708581262
708617209
708628766
708723444
708913987
708949057
710152084
710163331
710170468
710186593
710231660
710240897
710502986
710557428
710824052
710569913
710881414
710812065
710936365
710945143
710978348
711418301
711426674
711461237
711469944
711695420
711762354
711809839
712173134
712247269
712561932
712641931
712925978
712931947
712981882
713394853
713708030
713716493
713823238
713789332
713803834
713783191
714290180
714345019
714360746
714352902
714378495
714798885
714804358
714808544
714885730
714840360
715104216
715113102
715132777
715114490
715140725
715147194
715213487
715568328
715866894
715907866
715911341
715936257
716248436
716264955
716283821
716437354
716440082
716440552
716453222
717264329
718034017
717715226
718041564
718157967
718164657
718168232
718455857
718479144
718489784
718512368
718516279
718540012
718570355
718848978
718870389
718972728
719334310
719416077
719429667
719852708
720087631
720935776
721169019
721174593
721256831
722611134
722756489
722956502
723019456
723122437
723203165
723816440
723896335
724063313
724594338
724756471
724713260
724878057
726278025
726319357
726448314
727039574
727118458
727762050
727769448
727796526
727877801
727878834
728356853
728416029
729105581
729121108
729123517
729130868
729707300
729727265
729775200
729847144
740169023
740193420
740193573
740260684
740410320
740456037
740520462
740665548
740674961
740697391
740707079
740714346
740908224
740976005
741296305
741298965
741310114
741326163
741533760
741789257
742064368
742240543
742259933
742306794
742320894
742473920
742322503
742491465
742647718
742664107
742671031
742794902
742797353
742828039
742854963
742867598
743013471
743023737
743058228
743092237
743264352
743281074
743303602
743304897
743308125
743575707
743586148
743605723
743594876
743609671
743757826
743766616
743782883
743793943
743806337
743957843
743960752
743962955
745131056
745158540
745144467
745190373
745173503
745201372
112230975
112234013
112253192
112301668
112421235
112484401
112487115
112505029
115451122
115442786
115464820
115464826
116801628
116804675
116803553
116827667
745712866
745713685
745696929
745742137
757305753
757309305
757310915
757323091
757330736
759072462
759076637
759181427
793955386
794170966
794356452
794570150
707678896
707689400
707700034
707730459
712646195
712652942
712895719
712906150
716743421
716798972
716846582
725670911
741536422
741547767
741548478
741562948
743969789
741564738
743995853
745000452
745125075
717263281
725532569
725602744
725571964
797286889
797713404
741899548
790850395
713683993
797702885
795921791
702241866
796342201
759416506
703767745
745329023
702309538
116518552
714462698
710280901
705159839
757510116
706830167
748831586
704998677
113532820
715764130
768833845
759048862
701125690
716930808
769917838
748356938
727352539
759049692
704870432
794510238
746239009
117544356
768529136
759531706
117403006
117473428
795453368
729522216
742589543
116582180
714726535
703678013
702325380
703515738
115721520
713674856
796249332
794758427
795517126
720389308
705756048
112332321
799384866
715759924
797987707
743837229
728079012
725438084
799007334
701448599
768190692
757367045
117359179
702626086
708439401
795513846
740589889
114507510
794665764
758841360
702587546
795720027
701757205
791471641
768900604
113247965
112795775
724454087
706692797
708190768
117980291
114281354
793606018
710398037
798070600
116552780
797503555
706906572
745386223
116406101
705253693
768739028
704491377
702163692
700776434
720537532
715676433
769334531
797004266
745260829
113709768
742956729
726530237
745858902
711580509
768452037
705852830
700047371
717981652
710679687
792107235
795658239
116788963
741434744
793816862
711675872
719735229
705893711
769837020
792328593
116819389
794914238
116986877
707590989
725791113
798151271
116739306
711893531
702334517
115114567
793716594
758150524
758442107
712409249
117278033
116998581
719241061
794454309
798904191
116258626
741989878
114088871
707640032
757077916
795124085
703744641
743159295
704413741
701463395
757255506
700783732
768462190
703875290
769940887
795801849
795667621
116857407
797238373
792851549
111869545
741526640
769320492
759226184
719148176
759489956
799282564
792735338
796295623
707325717
757367443
794538069
117522826
719245933
116744821
769346220
791971339
705762418
116802154
797432065
705011676
705342775
704357277
113196784
111923396
740335036
726867647
740300201
791821669
742385353
702975866
114253272
117524613
115360876
769952438
745026251
702694777
769943678
705147695
717049537
758223684
116969409
743688009
704557569
759659702
768389174
700891782
116511491
708907548
711313715
116647681
703636436
703287075
799206090
758650541
768213379
748411262
758199388
759412072
748610519
797230673
745811594
116661643
115491195
797384303
702791019
710637208
711899749
724994804
757079904
112673276
769559665
745783775
113659011
741452617
794818271
725225327
729539688
795621989
116778463
792930577
116076707
710804242
726740572
725790493
746244821
115754355
740765738
798693080
116588492
707847139
115605947
792436875
745553793
798019254
757065819
710292979
796756341
719617274
117486888
746498046
117673035
798763484
758046176
711948525
743410821
796846578
795325790
117581530
748561658
769138516
718776132
796062972
700076865
796248716
714125084
768343118
769384160
740351955
707063503
792974931
717803239
700050764
113439229
729957258
768281069
710642457
117546941
715458054
799373169
115317772
716048468
790929002
116903916
702641588
759765498
116691647
707949670
723359193
741602029
796371147
743228756
117239433
769501377
794267280
116971220
117594375
758053597
757222007
117710167
702260648
703298974
746327826
117654673
117992915
701588763
112827563
793007646
717919404
708870153
742776302
759804110
794612286
742743507
114088785
748199911
712423057
757060383
795786581
112104733
114050376
797174570
701205396
769071633
769000257
112834450
713621637
748346675
745295187
758041526
719462632
705926726
116826727
717813167
717033254
793814333
792008045
113466323
704891455
746459275
728861834
792623799
797126163
748007153
117588353
746023271
701670478
795310737
707635629
700873805
115130263
727945392
796439264
798646506
797052125
798147882
112099741
799284057
706312977
790282784
116920856
115809161
745980540
708456843
705552952
116758926
117650423
769613526
746466876
790754483
768437516
707909182
718732603
741091436
745997534
740547782
702014591
725259678
116731693
768461620
702803604
719142061
715945551
111913038
705170722
705396531
790689976
116550003
710999162
798793710
711864743
116691901
112915187
795047640
717121628
115301202
740899626
757646540
796371863
701323175
717324077
759992551
117645299
117606405
113622455
768479592
115224524
797085258
742129600
112933759
742503303
703366316
745014142
742591916
768814183
704236342
743892630
742576545
701697571
113674460
720478094
748356659
793662303
700915454
712683781
797709394
726647434
790428826
715960849
117420083
117414583
703892047
714224572
794018586
117736621
701140583
798753174
794965956
792844190
113988283
708857266
116815287
796091517
792964343
720565770
113637115
792480690
712058468
707257976
710461517
742385378
757266850
718370135
712704016
117715804
742678939
115623306
721403483
748007324
769942654
748619949
701510436
716631397
768553830
116500606
758149356
769927780
799251867
706816915
741438252
729503410
748896187
112909035
710274188
704957648
729626820
757984016
791786874
797982353
706734655
711959615
706186773
743928657
742357500
790176664
794273153
116801018
703256353
797927456
741865383
705481617
795503833
757237893
112572627
117528219
727947645
745287159
116427898
798614968
748382968
768428747
116801538
743176123
719118205
768530182
113249756
746506668
790435969
794919981
794963571
769648332
707457525
713185204
700475537
701587711
717958598
114598390
759487739
112695575
702680784
792705016
740139926
712430295
700827062
705597887
702413187
757037046
117615051
703159023
795115721
703130236
116997455
797789103
116455814
796301085
117585400
712329314
724333956
710756485
745076682
769874489
707631927
797075054
799642820
702953085
746266993
743624258
791644871
116444940
726939951
757661290
742917649
728948632
116510244
743817397
797348155
116063624
718423455
745326768
792990584
794075585
702919372
717804819
701625698
711811050
768719389
768719795
795931921
701050683
112638529
700103016
758972346
708449542
742728781
704194996
726882791
116441438
798718114
116513107
703946410
704905686
768991566
115582897
703413716
745028519
758557261
113654015
116017110
117168397
713065742
712704314
704089753
713182083
726831191
797878265
728326472
792323764
745074673
769098965
797554432
795323109
700742313
113229571
790640507
796742847
707543947
116746892
700454536
114356269
117464617
705838807
759568392
746554897
725999152
729924635
796367163
741643095
742196422
740852618
742937733
791019592
748335159
700641204
799387535
799309216
117605457
769999765
117589334
725436981
117631953
704072043
115302195
704768630
717329813
711227877
719781131
741593937
116798907
713203863
759448246
768612037
716096625
792786191
717896904
715636574
115886876
723489923
716866746
769398791
759281391
701634276
703223830
741940503
712283923
112829022
741840392
701762597
758147234
116919638
710606761
790508698
795850874
116178147
113225727
711630200
759045460
117487970
717087507
794330859
117691053
769606429
702187340
758780934
794233558
114480054
742973975
792003213
702747723
746529267
117196967
116725246
797291807
117695132
796591499
794958250
701337034
794775591
742216028
701901326
792432960
708158949
769759599
792939239
794134573
708880714
790459960
702318448
796634327
116885349
115365183
797806899
117701095
791409664
745462562
797457871
741604948
743348552
797372466
746537271
790312242
799639437
117570783
796224586
701796632
746488340
705086376
724996102
799269613
710406189
116564000
769055378
790372565
713693584
757179463
790528569
111922092
742388681
713940208
703657058
116230680
794620959
798689718
119078060
116918500
740817065
119013382
740197971
118065572
119013876
119031863
741660389
119017488
119021104
111540140
116960291
741203559
119042259
728441647
745128175
723674942
790224544
729967560
723877605
797541223
742681924
790733653
111931377
119288970
119006941
748459140
119033703
119074437
759370789
119017055
723936985
119036608
799379688
743019524
112843591
721062725
742686425
791277275
119043158
119002697
119025402
112523594
795481055
119006975
112566871
799304719
116462584
798834872
798388735
797369747
794333289
746821257
748610975
795957933
708810362
797889790
794291415
794119240
797408187
792198284
790440236
769245080
799904552
798877140
795919341
790901006
717049401
796498079
794434090
798887249
795921896
702374508
748096345
797974163
702745920
729021292
798703116
793667610
795318600
702380160
794439837
115597388
797237877
794670417
795852303
795015172
794418694
794313511
112584839
115593238
799312486
769972287
798711275
791371895
741866207
794432212
717800741
797054675
794609890
745974129
704217517
799379432
792780812
796820735
707491563
112812348
704203650
703756461
700579193
790634003
797920342
798007589
798461245
793981773
757236392
797863183
794706451
116061760
704642006
704577925
799270968
746803990
714593588
740897862
793564991
116061112
794253571
114517532
796952432
769390964
795484592
714099934
745260834
769965336
705542898
795159793
796839264
768581733
797066362
748419377
768113753
706089401
798142056
745765049
702978060
796299416
723317036
796423061
748249781
743217102
794906447
768897428
794382213
793565019
741119764
725317668
797163641
795707401
797811244
797090948
725916654
798855458
796165761
706370543
797403466
795683382
794087925
797279403
797063275
792413462
701905383
721650165
797648149
797343894
704591179
116948001
712037415
796228216
701735557
799355909
799402519
743709042
117775523
116776751
759450807
746309790
718022185
711205944
798643493
798329762
742945349
798785276
704363169
799915899
743490719
112587672
769067205
117005048
768282829
797009201
757393792
798981578
740545325
115342509
794681135
799374366
115833724
798184061
794908895
701716111
746818683
116807072
718328758
798354931
796234605
791853745
795941349
794632845
796685387
795660102
702758189
794315123
748592468
795023303
794434056
790306564
795672687
703554319
717857027
793601862
745965183
116856978
114656224
759728267
746629264
701484956
115760218
742879020
746289863
115599612
712833180
117201224
113797400
746012664
757540454
703502406
769541252
791898387
705498901
769194737
745356692
116864038
748621721
790693807
745014352
758849210
706259708
710384522
793803623
704279990
703731053
743109828
116816212
711320490
769681342
758779505
745977926
702199772
115598712
114979537
723423087
758027140
117687117
113265720
769183029
741427230
113271802
115544451
794082078
793837461
117716119
706311909
723480737
117016126
725405938
795691443
795150892
797916278
795694016
794295899
794149794
797352319
706060418
798302956
704591477
703551752
799911073
799069267
707496380
792413184
798600641
700839869
796869808
116635109
757081065
799279913
798221153
797826283
728035538
796572483
757787208
727550704
116972195
797235229
797587881
790660564
769095149
769809496
769811873
791669627
769854711
792245732
791958121
793650264
769555784
791936220
792646561
792597847
792431679
769109389
769315734
768947090
791231697
769190151
769096533
768843851
769837948
793607439
792840585
792867400
791672814
768992128
792301468
793021813
791655836
792736765
769809336
792671064
793068847
793456287
791757153
791625250
790008375
793887931
768850787
769559561
791915675
769224713
792473346
793710194
793629015
768880158
790984326
791270533
791414885
793876082
793464298
792432759
791958091
791834850
792785198
791989815
792133894
769890864
769226850
790803479
791003852
793972719
792662304
769077510
791245984
792782867
768993494
791947239
793795229
769257662
769665349
790595398
793489031
117020869
117688345
703616300
705230632
741935047
758064500
741596128
116696501
715764820
707429093
117277841
748821180
743378890
741920502
757012058
716221398
745004935
724465839
725723985
116983254
729368840
758837660
727396656
790950465
713827561
723700477
768192480
705907141
742506902
758049803
712152982
724974789
741165369
700799844
723247034
759190789
740645082
116261063
717499714
115903652
112635173
718374612
743849570
745010106
714039766
748429273
748539016
719674100
704410265
115259397
758370526
714094893
741090610
116489049
710416066
723640476
759652186
719116272
710313449
116589238
115291679
710664139
116631633
758589804
117322537
716885487
116870912
702981435
705575638
117691045
757590984
717119823
758786656
723469742
757225583
740528388
706532993
748090729
759775312
116319407
116262476
726094883
742147273
112937664
759559783
712710046
707652210
768369710
719678472
705315072
745426246
740845595
726054883
712378411
716023597
717963584
117505977
710446206
117650864
726671305
740832595
745812013
705577333
748576239
748205651
759278312
701888727
112522999
722115056
117565863
704251321
741505896
117580658
716472632
725415853
113226049
711479107
707573670
757794240
726849091
715085826
117512403
116413596
759382277
117442594
704989922
727244845
712343216
740137811
700801280
768127677
758153066
701244094
713659644
721358958
759213740
748210835
117697729
757600539
742773236
741691828
116691358
700540092
112571664
114616099
714425365
726882417
113614857
117572367
726005083
700328449
768206296
113993866
746279553
795485060
119006187
721526133
748837202
769858489
795991277
703288457
793598280
790575913
792767154
790112182
791787950
791988593
791966239
768889720
768739975
703399600
746054396
728683431
716039368
757583100
745116762
715281196
116810216
768458026
116721657
702088784
711565602
793034312
115233390
117584828
759300325
742171519
116847238
748042879
717616064
702712489
757815411
745978883
116990144
116983202
748031207
768717040
742746702
721865027
724255164
748028037
722311429
714419156

